-- phpMyAdmin SQL Dump
-- version 5.2.1
-- https://www.phpmyadmin.net/
--
-- Host: 127.0.0.1
-- Generation Time: Nov 23, 2025 at 01:01 PM
-- Server version: 10.4.32-MariaDB
-- PHP Version: 8.2.12

SET SQL_MODE = "NO_AUTO_VALUE_ON_ZERO";
START TRANSACTION;
SET time_zone = "+00:00";


/*!40101 SET @OLD_CHARACTER_SET_CLIENT=@@CHARACTER_SET_CLIENT */;
/*!40101 SET @OLD_CHARACTER_SET_RESULTS=@@CHARACTER_SET_RESULTS */;
/*!40101 SET @OLD_COLLATION_CONNECTION=@@COLLATION_CONNECTION */;
/*!40101 SET NAMES utf8mb4 */;

--
-- Database: `projekpw`
--

-- --------------------------------------------------------

--
-- Table structure for table `jawaban`
--

CREATE TABLE `jawaban` (
  `id_jawaban` int(11) NOT NULL,
  `nilai_id` int(11) DEFAULT NULL,
  `soal_id` int(11) DEFAULT NULL,
  `jawaban_siswa` char(1) DEFAULT NULL,
  `is_correct` tinyint(1) DEFAULT NULL,
  `poin` int(11) DEFAULT NULL
) ENGINE=InnoDB DEFAULT CHARSET=utf8mb4 COLLATE=utf8mb4_general_ci;

--
-- Dumping data for table `jawaban`
--

INSERT INTO `jawaban` (`id_jawaban`, `nilai_id`, `soal_id`, `jawaban_siswa`, `is_correct`, `poin`) VALUES
(1, 1, 561, '', 0, 0),
(2, 1, 562, '', 0, 0),
(3, 1, 563, '', 0, 0),
(4, 1, 564, '', 0, 0),
(5, 1, 565, '', 0, 0),
(6, 1, 566, '', 0, 0),
(7, 1, 567, '', 0, 0),
(8, 1, 568, '', 0, 0),
(9, 1, 569, '', 0, 0),
(10, 1, 570, '', 0, 0),
(11, 1, 571, '', 0, 0),
(12, 1, 572, '', 0, 0),
(13, 1, 573, '', 0, 0),
(14, 1, 574, '', 0, 0),
(15, 1, 575, '', 0, 0),
(16, 1, 576, '', 0, 0),
(17, 1, 577, '', 0, 0),
(18, 1, 578, '', 0, 0),
(19, 1, 579, '', 0, 0),
(20, 1, 580, '', 0, 0),
(21, 2, 641, '', 0, 0),
(22, 2, 642, '', 0, 0),
(23, 2, 643, '', 0, 0),
(24, 2, 644, '', 0, 0),
(25, 2, 645, '', 0, 0),
(26, 2, 646, '', 0, 0),
(27, 2, 647, '', 0, 0),
(28, 2, 648, '', 0, 0),
(29, 2, 649, '', 0, 0),
(30, 2, 650, '', 0, 0),
(31, 2, 651, '', 0, 0),
(32, 2, 652, '', 0, 0),
(33, 2, 653, '', 0, 0),
(34, 2, 654, '', 0, 0),
(35, 2, 655, '', 0, 0),
(36, 2, 656, '', 0, 0),
(37, 2, 657, '', 0, 0),
(38, 2, 658, '', 0, 0),
(39, 2, 659, '', 0, 0),
(40, 2, 660, 'b', 1, 5),
(42, 4, 401, '', 0, 0),
(43, 4, 402, '', 0, 0),
(44, 4, 403, '', 0, 0),
(45, 4, 404, '', 0, 0),
(46, 4, 405, '', 0, 0),
(47, 4, 406, '', 0, 0),
(48, 4, 407, '', 0, 0),
(49, 4, 408, '', 0, 0),
(50, 4, 409, '', 0, 0),
(51, 4, 410, '', 0, 0),
(52, 4, 411, '', 0, 0),
(53, 4, 412, '', 0, 0),
(54, 4, 413, '', 0, 0),
(55, 4, 414, '', 0, 0),
(56, 4, 415, '', 0, 0),
(57, 4, 416, '', 0, 0),
(58, 4, 417, '', 0, 0),
(59, 4, 418, '', 0, 0),
(60, 4, 419, '', 0, 0),
(61, 4, 420, 'a', 0, 0);

-- --------------------------------------------------------

--
-- Table structure for table `nilai`
--

CREATE TABLE `nilai` (
  `id_nilai` int(11) NOT NULL,
  `nilai` int(11) NOT NULL,
  `user` int(11) NOT NULL,
  `soal_paket` int(11) NOT NULL,
  `jumlah_benar` int(11) NOT NULL,
  `jumlah_salah` int(11) NOT NULL
) ENGINE=InnoDB DEFAULT CHARSET=utf8mb4 COLLATE=utf8mb4_general_ci;

--
-- Dumping data for table `nilai`
--

INSERT INTO `nilai` (`id_nilai`, `nilai`, `user`, `soal_paket`, `jumlah_benar`, `jumlah_salah`) VALUES
(1, 0, 4, 29, 0, 20),
(2, 5, 1, 33, 1, 19),
(4, 0, 1, 21, 0, 20);

-- --------------------------------------------------------

--
-- Table structure for table `paket_soal`
--

CREATE TABLE `paket_soal` (
  `id_paket` int(11) NOT NULL,
  `judul` varchar(30) DEFAULT NULL,
  `mata_pelajaran` varchar(20) DEFAULT NULL,
  `kelas` int(11) DEFAULT NULL,
  `jumlah_soal` int(11) DEFAULT NULL
) ENGINE=InnoDB DEFAULT CHARSET=utf8mb4 COLLATE=utf8mb4_general_ci;

--
-- Dumping data for table `paket_soal`
--

INSERT INTO `paket_soal` (`id_paket`, `judul`, `mata_pelajaran`, `kelas`, `jumlah_soal`) VALUES
(1, 'UTS Matematika Kelas 1', 'Matematika', 1, 20),
(2, 'UAS Matematika Kelas 1', 'Matematika', 1, 20),
(3, 'UTS Matematika Kelas 2', 'Matematika', 2, 20),
(4, 'UAS Matematika Kelas 2', 'Matematika', 2, 20),
(5, 'UTS Matematika Kelas 3', 'Matematika', 3, 20),
(6, 'UAS Matematika Kelas 3', 'Matematika', 3, 20),
(7, 'UTS Matematika Kelas 4', 'Matematika', 4, 20),
(8, 'UAS Matematika Kelas 4', 'Matematika', 4, 20),
(9, 'UTS Matematika Kelas 5', 'Matematika', 5, 20),
(10, 'UAS Matematika Kelas 5', 'Matematika', 5, 20),
(11, 'UTS Matematika Kelas 6', 'Matematika', 6, 20),
(12, 'UAS Matematika Kelas 6', 'Matematika', 6, 20),
(13, 'UTS IPA Kelas 1', 'IPA', 1, 20),
(14, 'UAS IPA Kelas 1', 'IPA', 1, 20),
(15, 'UTS IPA Kelas 2', 'IPA', 2, 20),
(16, 'UAS IPA Kelas 2', 'IPA', 2, 20),
(17, 'UTS IPA Kelas 3', 'IPA', 3, 20),
(18, 'UAS IPA Kelas 3', 'IPA', 3, 20),
(19, 'UTS IPA Kelas 4', 'IPA', 4, 20),
(20, 'UAS IPA Kelas 4', 'IPA', 4, 20),
(21, 'UTS IPA Kelas 5', 'IPA', 5, 20),
(22, 'UAS IPA Kelas 5', 'IPA', 5, 20),
(23, 'UTS IPA Kelas 6', 'IPA', 6, 20),
(24, 'UAS IPA Kelas 6', 'IPA', 6, 20),
(25, 'UTS B.Indonesia Kelas 1', 'Bahasa Indonesia', 1, 20),
(26, 'UAS B.Indonesia Kelas 1', 'Bahasa Indonesia', 1, 20),
(27, 'UTS B.Indonesia Kelas 2', 'Bahasa Indonesia', 2, 20),
(28, 'UAS B.Indonesia Kelas 2', 'Bahasa Indonesia', 2, 20),
(29, 'UTS B.Indonesia Kelas 3', 'Bahasa Indonesia', 3, 20),
(30, 'UAS B.Indonesia Kelas 3', 'Bahasa Indonesia', 3, 20),
(31, 'UTS B.Indonesia Kelas 4', 'Bahasa Indonesia', 4, 20),
(32, 'UAS B.Indonesia Kelas 4', 'Bahasa Indonesia', 4, 20),
(33, 'UTS B.Indonesia Kelas 5', 'Bahasa Indonesia', 5, 20),
(34, 'UAS B.Indonesia Kelas 5', 'Bahasa Indonesia', 5, 20),
(35, 'UTS B.Indonesia Kelas 6', 'Bahasa Indonesia', 6, 20),
(36, 'UAS B.Indonesia Kelas 6', 'Bahasa Indonesia', 6, 20);

-- --------------------------------------------------------

--
-- Table structure for table `soal`
--

CREATE TABLE `soal` (
  `id` int(11) NOT NULL,
  `kelas` int(11) DEFAULT NULL,
  `mata_pelajaran` varchar(30) DEFAULT NULL,
  `soal` varchar(200) NOT NULL,
  `paket_soal` int(11) NOT NULL,
  `pilihan_a` text NOT NULL,
  `pilihan_b` text NOT NULL,
  `pilihan_c` text NOT NULL,
  `pilihan_d` text NOT NULL,
  `jawaban_benar` char(1) NOT NULL,
  `pembahasan` text NOT NULL,
  `bobot` int(11) NOT NULL
) ENGINE=InnoDB DEFAULT CHARSET=utf8mb4 COLLATE=utf8mb4_general_ci;

--
-- Dumping data for table `soal`
--

INSERT INTO `soal` (`id`, `kelas`, `mata_pelajaran`, `soal`, `paket_soal`, `pilihan_a`, `pilihan_b`, `pilihan_c`, `pilihan_d`, `jawaban_benar`, `pembahasan`, `bobot`) VALUES
(1, 1, 'Matematika', '2 + 3 = ...', 1, '4', '5', '6', '7', 'b', 'Penjumlahan 2 + 3 = 5', 5),
(2, 1, 'Matematika', '5 - 2 = ...', 1, '2', '3', '4', '5', 'b', 'Pengurangan 5 - 2 = 3', 5),
(3, 1, 'Matematika', '1 + 4 = ...', 1, '3', '4', '5', '6', 'c', 'Penjumlahan 1 + 4 = 5', 5),
(4, 1, 'Matematika', '6 - 3 = ...', 1, '2', '3', '4', '5', 'b', 'Pengurangan 6 - 3 = 3', 5),
(5, 1, 'Matematika', '3 + 2 = ...', 1, '4', '5', '6', '7', 'b', 'Penjumlahan 3 + 2 = 5', 5),
(6, 1, 'Matematika', '7 - 4 = ...', 1, '2', '3', '4', '5', 'b', 'Pengurangan 7 - 4 = 3', 5),
(7, 1, 'Matematika', '4 + 1 = ...', 1, '4', '5', '6', '7', 'b', 'Penjumlahan 4 + 1 = 5', 5),
(8, 1, 'Matematika', '8 - 5 = ...', 1, '2', '3', '4', '5', 'b', 'Pengurangan 8 - 5 = 3', 5),
(9, 1, 'Matematika', '2 + 5 = ...', 1, '6', '7', '8', '9', 'b', 'Penjumlahan 2 + 5 = 7', 5),
(10, 1, 'Matematika', '9 - 3 = ...', 1, '5', '6', '7', '8', 'b', 'Pengurangan 9 - 3 = 6', 5),
(11, 1, 'Matematika', '3 + 3 = ...', 1, '5', '6', '7', '8', 'b', 'Penjumlahan 3 + 3 = 6', 5),
(12, 1, 'Matematika', '10 - 4 = ...', 1, '5', '6', '7', '8', 'b', 'Pengurangan 10 - 4 = 6', 5),
(13, 1, 'Matematika', '5 + 2 = ...', 1, '6', '7', '8', '9', 'b', 'Penjumlahan 5 + 2 = 7', 5),
(14, 1, 'Matematika', '8 - 2 = ...', 1, '5', '6', '7', '8', 'b', 'Pengurangan 8 - 2 = 6', 5),
(15, 1, 'Matematika', '4 + 4 = ...', 1, '6', '7', '8', '9', 'c', 'Penjumlahan 4 + 4 = 8', 5),
(16, 1, 'Matematika', '7 - 3 = ...', 1, '3', '4', '5', '6', 'b', 'Pengurangan 7 - 3 = 4', 5),
(17, 1, 'Matematika', '6 + 1 = ...', 1, '6', '7', '8', '9', 'b', 'Penjumlahan 6 + 1 = 7', 5),
(18, 1, 'Matematika', '9 - 5 = ...', 1, '3', '4', '5', '6', 'b', 'Pengurangan 9 - 5 = 4', 5),
(19, 1, 'Matematika', '3 + 4 = ...', 1, '5', '6', '7', '8', 'c', 'Penjumlahan 3 + 4 = 7', 5),
(20, 1, 'Matematika', '10 - 6 = ...', 1, '3', '4', '5', '6', 'b', 'Pengurangan 10 - 6 = 4', 5),
(21, 1, 'Matematika', '1 + 6 = ...', 2, '5', '6', '7', '8', 'c', 'Penjumlahan 1 + 6 = 7', 5),
(22, 1, 'Matematika', '8 - 3 = ...', 2, '4', '5', '6', '7', 'b', 'Pengurangan 8 - 3 = 5', 5),
(23, 1, 'Matematika', '4 + 3 = ...', 2, '6', '7', '8', '9', 'b', 'Penjumlahan 4 + 3 = 7', 5),
(24, 1, 'Matematika', '9 - 4 = ...', 2, '4', '5', '6', '7', 'b', 'Pengurangan 9 - 4 = 5', 5),
(25, 1, 'Matematika', '5 + 5 = ...', 2, '8', '9', '10', '11', 'c', 'Penjumlahan 5 + 5 = 10', 5),
(26, 1, 'Matematika', '10 - 3 = ...', 2, '6', '7', '8', '9', 'b', 'Pengurangan 10 - 3 = 7', 5),
(27, 1, 'Matematika', '2 + 6 = ...', 2, '6', '7', '8', '9', 'c', 'Penjumlahan 2 + 6 = 8', 5),
(28, 1, 'Matematika', '7 - 2 = ...', 2, '4', '5', '6', '7', 'b', 'Pengurangan 7 - 2 = 5', 5),
(29, 1, 'Matematika', '6 + 3 = ...', 2, '7', '8', '9', '10', 'c', 'Penjumlahan 6 + 3 = 9', 5),
(30, 1, 'Matematika', '10 - 5 = ...', 2, '4', '5', '6', '7', 'b', 'Pengurangan 10 - 5 = 5', 5),
(31, 1, 'Matematika', '3 + 5 = ...', 2, '6', '7', '8', '9', 'c', 'Penjumlahan 3 + 5 = 8', 5),
(32, 1, 'Matematika', '9 - 2 = ...', 2, '6', '7', '8', '9', 'b', 'Pengurangan 9 - 2 = 7', 5),
(33, 1, 'Matematika', '7 + 1 = ...', 2, '6', '7', '8', '9', 'c', 'Penjumlahan 7 + 1 = 8', 5),
(34, 1, 'Matematika', '8 - 4 = ...', 2, '3', '4', '5', '6', 'b', 'Pengurangan 8 - 4 = 4', 5),
(35, 1, 'Matematika', '4 + 5 = ...', 2, '7', '8', '9', '10', 'c', 'Penjumlahan 4 + 5 = 9', 5),
(36, 1, 'Matematika', '10 - 7 = ...', 2, '2', '3', '4', '5', 'b', 'Pengurangan 10 - 7 = 3', 5),
(37, 1, 'Matematika', '5 + 4 = ...', 2, '7', '8', '9', '10', 'c', 'Penjumlahan 5 + 4 = 9', 5),
(38, 1, 'Matematika', '9 - 6 = ...', 2, '2', '3', '4', '5', 'b', 'Pengurangan 9 - 6 = 3', 5),
(39, 1, 'Matematika', '6 + 2 = ...', 2, '6', '7', '8', '9', 'c', 'Penjumlahan 6 + 2 = 8', 5),
(40, 1, 'Matematika', '10 - 8 = ...', 2, '1', '2', '3', '4', 'b', 'Pengurangan 10 - 8 = 2', 5),
(41, 2, 'Matematika', '12 + 8 = ...', 3, '18', '19', '20', '21', 'c', 'Penjumlahan 12 + 8 = 20', 5),
(42, 2, 'Matematika', '25 - 13 = ...', 3, '10', '11', '12', '13', 'c', 'Pengurangan 25 - 13 = 12', 5),
(43, 2, 'Matematika', '15 + 7 = ...', 3, '20', '21', '22', '23', 'c', 'Penjumlahan 15 + 7 = 22', 5),
(44, 2, 'Matematika', '30 - 15 = ...', 3, '13', '14', '15', '16', 'c', 'Pengurangan 30 - 15 = 15', 5),
(45, 2, 'Matematika', '3 x 4 = ...', 3, '10', '11', '12', '13', 'c', 'Perkalian 3 x 4 = 12', 5),
(46, 2, 'Matematika', '18 : 2 = ...', 3, '7', '8', '9', '10', 'c', 'Pembagian 18 : 2 = 9', 5),
(47, 2, 'Matematika', '14 + 9 = ...', 3, '21', '22', '23', '24', 'c', 'Penjumlahan 14 + 9 = 23', 5),
(48, 2, 'Matematika', '28 - 12 = ...', 3, '14', '15', '16', '17', 'c', 'Pengurangan 28 - 12 = 16', 5),
(49, 2, 'Matematika', '5 x 3 = ...', 3, '13', '14', '15', '16', 'c', 'Perkalian 5 x 3 = 15', 5),
(50, 2, 'Matematika', '20 : 4 = ...', 3, '4', '5', '6', '7', 'b', 'Pembagian 20 : 4 = 5', 5),
(51, 2, 'Matematika', '11 + 14 = ...', 3, '23', '24', '25', '26', 'c', 'Penjumlahan 11 + 14 = 25', 5),
(52, 2, 'Matematika', '35 - 18 = ...', 3, '15', '16', '17', '18', 'c', 'Pengurangan 35 - 18 = 17', 5),
(53, 2, 'Matematika', '6 x 2 = ...', 3, '10', '11', '12', '13', 'c', 'Perkalian 6 x 2 = 12', 5),
(54, 2, 'Matematika', '24 : 3 = ...', 3, '6', '7', '8', '9', 'c', 'Pembagian 24 : 3 = 8', 5),
(55, 2, 'Matematika', '17 + 13 = ...', 3, '28', '29', '30', '31', 'c', 'Penjumlahan 17 + 13 = 30', 5),
(56, 2, 'Matematika', '40 - 22 = ...', 3, '16', '17', '18', '19', 'c', 'Pengurangan 40 - 22 = 18', 5),
(57, 2, 'Matematika', '4 x 5 = ...', 3, '18', '19', '20', '21', 'c', 'Perkalian 4 x 5 = 20', 5),
(58, 2, 'Matematika', '16 : 2 = ...', 3, '6', '7', '8', '9', 'c', 'Pembagian 16 : 2 = 8', 5),
(59, 2, 'Matematika', '19 + 11 = ...', 3, '28', '29', '30', '31', 'c', 'Penjumlahan 19 + 11 = 30', 5),
(60, 2, 'Matematika', '33 - 16 = ...', 3, '15', '16', '17', '18', 'c', 'Pengurangan 33 - 16 = 17', 5),
(61, 2, 'Matematika', '16 + 15 = ...', 4, '29', '30', '31', '32', 'c', 'Penjumlahan 16 + 15 = 31', 5),
(62, 2, 'Matematika', '42 - 19 = ...', 4, '21', '22', '23', '24', 'c', 'Pengurangan 42 - 19 = 23', 5),
(63, 2, 'Matematika', '7 x 3 = ...', 4, '19', '20', '21', '22', 'c', 'Perkalian 7 x 3 = 21', 5),
(64, 2, 'Matematika', '32 : 4 = ...', 4, '6', '7', '8', '9', 'c', 'Pembagian 32 : 4 = 8', 5),
(65, 2, 'Matematika', '23 + 18 = ...', 4, '39', '40', '41', '42', 'c', 'Penjumlahan 23 + 18 = 41', 5),
(66, 2, 'Matematika', '50 - 27 = ...', 4, '21', '22', '23', '24', 'c', 'Pengurangan 50 - 27 = 23', 5),
(67, 2, 'Matematika', '8 x 4 = ...', 4, '30', '31', '32', '33', 'c', 'Perkalian 8 x 4 = 32', 5),
(68, 2, 'Matematika', '45 : 5 = ...', 4, '7', '8', '9', '10', 'c', 'Pembagian 45 : 5 = 9', 5),
(69, 2, 'Matematika', '27 + 14 = ...', 4, '39', '40', '41', '42', 'c', 'Penjumlahan 27 + 14 = 41', 5),
(70, 2, 'Matematika', '38 - 21 = ...', 4, '15', '16', '17', '18', 'c', 'Pengurangan 38 - 21 = 17', 5),
(71, 2, 'Matematika', '6 x 6 = ...', 4, '34', '35', '36', '37', 'c', 'Perkalian 6 x 6 = 36', 5),
(72, 2, 'Matematika', '40 : 8 = ...', 4, '4', '5', '6', '7', 'b', 'Pembagian 40 : 8 = 5', 5),
(73, 2, 'Matematika', '29 + 23 = ...', 4, '50', '51', '52', '53', 'c', 'Penjumlahan 29 + 23 = 52', 5),
(74, 2, 'Matematika', '47 - 25 = ...', 4, '20', '21', '22', '23', 'c', 'Pengurangan 47 - 25 = 22', 5),
(75, 2, 'Matematika', '9 x 3 = ...', 4, '25', '26', '27', '28', 'c', 'Perkalian 9 x 3 = 27', 5),
(76, 2, 'Matematika', '36 : 6 = ...', 4, '4', '5', '6', '7', 'c', 'Pembagian 36 : 6 = 6', 5),
(77, 2, 'Matematika', '34 + 17 = ...', 4, '49', '50', '51', '52', 'c', 'Penjumlahan 34 + 17 = 51', 5),
(78, 2, 'Matematika', '55 - 28 = ...', 4, '25', '26', '27', '28', 'c', 'Pengurangan 55 - 28 = 27', 5),
(79, 2, 'Matematika', '7 x 5 = ...', 4, '33', '34', '35', '36', 'c', 'Perkalian 7 x 5 = 35', 5),
(80, 2, 'Matematika', '48 : 6 = ...', 4, '6', '7', '8', '9', 'c', 'Pembagian 48 : 6 = 8', 5),
(81, 3, 'Matematika', '125 + 87 = ...', 5, '210', '211', '212', '213', 'c', 'Penjumlahan 125 + 87 = 212', 5),
(82, 3, 'Matematika', '234 - 156 = ...', 5, '76', '77', '78', '79', 'c', 'Pengurangan 234 - 156 = 78', 5),
(83, 3, 'Matematika', '15 x 6 = ...', 5, '88', '89', '90', '91', 'c', 'Perkalian 15 x 6 = 90', 5),
(84, 3, 'Matematika', '144 : 12 = ...', 5, '10', '11', '12', '13', 'c', 'Pembagian 144 : 12 = 12', 5),
(85, 3, 'Matematika', '256 + 178 = ...', 5, '432', '433', '434', '435', 'c', 'Penjumlahan 256 + 178 = 434', 5),
(86, 3, 'Matematika', '500 - 287 = ...', 5, '211', '212', '213', '214', 'c', 'Pengurangan 500 - 287 = 213', 5),
(87, 3, 'Matematika', '23 x 4 = ...', 5, '90', '91', '92', '93', 'c', 'Perkalian 23 x 4 = 92', 5),
(88, 3, 'Matematika', '108 : 9 = ...', 5, '10', '11', '12', '13', 'c', 'Pembagian 108 : 9 = 12', 5),
(89, 3, 'Matematika', '345 + 267 = ...', 5, '610', '611', '612', '613', 'c', 'Penjumlahan 345 + 267 = 612', 5),
(90, 3, 'Matematika', '678 - 389 = ...', 5, '287', '288', '289', '290', 'c', 'Pengurangan 678 - 389 = 289', 5),
(91, 3, 'Matematika', '18 x 7 = ...', 5, '124', '125', '126', '127', 'c', 'Perkalian 18 x 7 = 126', 5),
(92, 3, 'Matematika', '156 : 13 = ...', 5, '10', '11', '12', '13', 'c', 'Pembagian 156 : 13 = 12', 5),
(93, 3, 'Matematika', '456 + 298 = ...', 5, '752', '753', '754', '755', 'c', 'Penjumlahan 456 + 298 = 754', 5),
(94, 3, 'Matematika', '800 - 456 = ...', 5, '342', '343', '344', '345', 'c', 'Pengurangan 800 - 456 = 344', 5),
(95, 3, 'Matematika', '25 x 8 = ...', 5, '198', '199', '200', '201', 'c', 'Perkalian 25 x 8 = 200', 5),
(96, 3, 'Matematika', '180 : 15 = ...', 5, '10', '11', '12', '13', 'c', 'Pembagian 180 : 15 = 12', 5),
(97, 3, 'Matematika', '567 + 345 = ...', 5, '910', '911', '912', '913', 'c', 'Penjumlahan 567 + 345 = 912', 5),
(98, 3, 'Matematika', '950 - 578 = ...', 5, '370', '371', '372', '373', 'c', 'Pengurangan 950 - 578 = 372', 5),
(99, 3, 'Matematika', '32 x 5 = ...', 5, '158', '159', '160', '161', 'c', 'Perkalian 32 x 5 = 160', 5),
(100, 3, 'Matematika', '225 : 15 = ...', 5, '13', '14', '15', '16', 'c', 'Pembagian 225 : 15 = 15', 5),
(101, 3, 'Matematika', '384 + 259 = ...', 6, '641', '642', '643', '644', 'c', 'Penjumlahan 384 + 259 = 643', 5),
(102, 3, 'Matematika', '725 - 468 = ...', 6, '255', '256', '257', '258', 'c', 'Pengurangan 725 - 468 = 257', 5),
(103, 3, 'Matematika', '28 x 9 = ...', 6, '250', '251', '252', '253', 'c', 'Perkalian 28 x 9 = 252', 5),
(104, 3, 'Matematika', '240 : 16 = ...', 6, '13', '14', '15', '16', 'c', 'Pembagian 240 : 16 = 15', 5),
(105, 3, 'Matematika', '567 + 378 = ...', 6, '943', '944', '945', '946', 'c', 'Penjumlahan 567 + 378 = 945', 5),
(106, 3, 'Matematika', '834 - 567 = ...', 6, '265', '266', '267', '268', 'c', 'Pengurangan 834 - 567 = 267', 5),
(107, 3, 'Matematika', '35 x 7 = ...', 6, '243', '244', '245', '246', 'c', 'Perkalian 35 x 7 = 245', 5),
(108, 3, 'Matematika', '288 : 18 = ...', 6, '14', '15', '16', '17', 'c', 'Pembagian 288 : 18 = 16', 5),
(109, 3, 'Matematika', '689 + 456 = ...', 6, '1143', '1144', '1145', '1146', 'c', 'Penjumlahan 689 + 456 = 1145', 5),
(110, 3, 'Matematika', '1000 - 678 = ...', 6, '320', '321', '322', '323', 'c', 'Pengurangan 1000 - 678 = 322', 5),
(111, 3, 'Matematika', '42 x 6 = ...', 6, '250', '251', '252', '253', 'c', 'Perkalian 42 x 6 = 252', 5),
(112, 3, 'Matematika', '315 : 21 = ...', 6, '13', '14', '15', '16', 'c', 'Pembagian 315 : 21 = 15', 5),
(113, 3, 'Matematika', '745 + 389 = ...', 6, '1132', '1133', '1134', '1135', 'c', 'Penjumlahan 745 + 389 = 1134', 5),
(114, 3, 'Matematika', '892 - 545 = ...', 6, '345', '346', '347', '348', 'c', 'Pengurangan 892 - 545 = 347', 5),
(115, 3, 'Matematika', '27 x 11 = ...', 6, '295', '296', '297', '298', 'c', 'Perkalian 27 x 11 = 297', 5),
(116, 3, 'Matematika', '360 : 24 = ...', 6, '13', '14', '15', '16', 'c', 'Pembagian 360 : 24 = 15', 5),
(117, 3, 'Matematika', '823 + 568 = ...', 6, '1389', '1390', '1391', '1392', 'c', 'Penjumlahan 823 + 568 = 1391', 5),
(118, 3, 'Matematika', '956 - 689 = ...', 6, '265', '266', '267', '268', 'c', 'Pengurangan 956 - 689 = 267', 5),
(119, 3, 'Matematika', '38 x 8 = ...', 6, '302', '303', '304', '305', 'c', 'Perkalian 38 x 8 = 304', 5),
(120, 3, 'Matematika', '420 : 28 = ...', 6, '13', '14', '15', '16', 'c', 'Pembagian 420 : 28 = 15', 5),
(121, 4, 'Matematika', '1.245 + 3.876 = ...', 7, '5.119', '5.120', '5.121', '5.122', 'c', 'Penjumlahan 1.245 + 3.876 = 5.121', 5),
(122, 4, 'Matematika', '5.000 - 2.387 = ...', 7, '2.611', '2.612', '2.613', '2.614', 'c', 'Pengurangan 5.000 - 2.387 = 2.613', 5),
(123, 4, 'Matematika', '45 x 23 = ...', 7, '1.033', '1.034', '1.035', '1.036', 'c', 'Perkalian 45 x 23 = 1.035', 5),
(124, 4, 'Matematika', '756 : 18 = ...', 7, '40', '41', '42', '43', 'c', 'Pembagian 756 : 18 = 42', 5),
(125, 4, 'Matematika', '2.567 + 1.845 = ...', 7, '4.410', '4.411', '4.412', '4.413', 'c', 'Penjumlahan 2.567 + 1.845 = 4.412', 5),
(126, 4, 'Matematika', '7.500 - 3.678 = ...', 7, '3.820', '3.821', '3.822', '3.823', 'c', 'Pengurangan 7.500 - 3.678 = 3.822', 5),
(127, 4, 'Matematika', '68 x 34 = ...', 7, '2.310', '2.311', '2.312', '2.313', 'c', 'Perkalian 68 x 34 = 2.312', 5),
(128, 4, 'Matematika', '924 : 22 = ...', 7, '40', '41', '42', '43', 'c', 'Pembagian 924 : 22 = 42', 5),
(129, 4, 'Matematika', '3.456 + 2.789 = ...', 7, '6.243', '6.244', '6.245', '6.246', 'c', 'Penjumlahan 3.456 + 2.789 = 6.245', 5),
(130, 4, 'Matematika', '9.000 - 4.567 = ...', 7, '4.431', '4.432', '4.433', '4.434', 'c', 'Pengurangan 9.000 - 4.567 = 4.433', 5),
(131, 4, 'Matematika', '52 x 47 = ...', 7, '2.442', '2.443', '2.444', '2.445', 'c', 'Perkalian 52 x 47 = 2.444', 5),
(132, 4, 'Matematika', '1.050 : 25 = ...', 7, '40', '41', '42', '43', 'c', 'Pembagian 1.050 : 25 = 42', 5),
(133, 4, 'Matematika', '4.678 + 3.567 = ...', 7, '8.243', '8.244', '8.245', '8.246', 'c', 'Penjumlahan 4.678 + 3.567 = 8.245', 5),
(134, 4, 'Matematika', '10.000 - 5.789 = ...', 7, '4.209', '4.210', '4.211', '4.212', 'c', 'Pengurangan 10.000 - 5.789 = 4.211', 5),
(135, 4, 'Matematika', '76 x 38 = ...', 7, '2.886', '2.887', '2.888', '2.889', 'c', 'Perkalian 76 x 38 = 2.888', 5),
(136, 4, 'Matematika', '1.344 : 32 = ...', 7, '40', '41', '42', '43', 'c', 'Pembagian 1.344 : 32 = 42', 5),
(137, 4, 'Matematika', '5.789 + 4.456 = ...', 7, '10.243', '10.244', '10.245', '10.246', 'c', 'Penjumlahan 5.789 + 4.456 = 10.245', 5),
(138, 4, 'Matematika', '12.500 - 6.789 = ...', 7, '5.709', '5.710', '5.711', '5.712', 'c', 'Pengurangan 12.500 - 6.789 = 5.711', 5),
(139, 4, 'Matematika', '84 x 56 = ...', 7, '4.702', '4.703', '4.704', '4.705', 'c', 'Perkalian 84 x 56 = 4.704', 5),
(140, 4, 'Matematika', '1.638 : 39 = ...', 7, '40', '41', '42', '43', 'c', 'Pembagian 1.638 : 39 = 42', 5),
(141, 4, 'Matematika', '6.789 + 5.432 = ...', 8, '12.219', '12.220', '12.221', '12.222', 'c', 'Penjumlahan 6.789 + 5.432 = 12.221', 5),
(142, 4, 'Matematika', '15.000 - 7.865 = ...', 8, '7.133', '7.134', '7.135', '7.136', 'c', 'Pengurangan 15.000 - 7.865 = 7.135', 5),
(143, 4, 'Matematika', '93 x 67 = ...', 8, '6.229', '6.230', '6.231', '6.232', 'c', 'Perkalian 93 x 67 = 6.231', 5),
(144, 4, 'Matematika', '2.016 : 48 = ...', 8, '40', '41', '42', '43', 'c', 'Pembagian 2.016 : 48 = 42', 5),
(145, 4, 'Matematika', '7.456 + 6.789 = ...', 8, '14.243', '14.244', '14.245', '14.246', 'c', 'Penjumlahan 7.456 + 6.789 = 14.245', 5),
(146, 4, 'Matematika', '20.000 - 9.456 = ...', 8, '10.542', '10.543', '10.544', '10.545', 'c', 'Pengurangan 20.000 - 9.456 = 10.544', 5),
(147, 4, 'Matematika', '125 x 48 = ...', 8, '6.098', '6.099', '6.000', '6.001', 'c', 'Perkalian 125 x 48 = 6.000', 5),
(148, 4, 'Matematika', '2.520 : 60 = ...', 8, '40', '41', '42', '43', 'c', 'Pembagian 2.520 : 60 = 42', 5),
(149, 4, 'Matematika', '8.567 + 7.890 = ...', 8, '16.455', '16.456', '16.457', '16.458', 'c', 'Penjumlahan 8.567 + 7.890 = 16.457', 5),
(150, 4, 'Matematika', '25.000 - 11.234 = ...', 8, '13.764', '13.765', '13.766', '13.767', 'c', 'Pengurangan 25.000 - 11.234 = 13.766', 5),
(151, 4, 'Matematika', '156 x 72 = ...', 8, '11.230', '11.231', '11.232', '11.233', 'c', 'Perkalian 156 x 72 = 11.232', 5),
(152, 4, 'Matematika', '3.024 : 72 = ...', 8, '40', '41', '42', '43', 'c', 'Pembagian 3.024 : 72 = 42', 5),
(153, 4, 'Matematika', '9.678 + 8.567 = ...', 8, '18.243', '18.244', '18.245', '18.246', 'c', 'Penjumlahan 9.678 + 8.567 = 18.245', 5),
(154, 4, 'Matematika', '30.000 - 13.456 = ...', 8, '16.542', '16.543', '16.544', '16.545', 'c', 'Pengurangan 30.000 - 13.456 = 16.544', 5),
(155, 4, 'Matematika', '189 x 85 = ...', 8, '16.063', '16.064', '16.065', '16.066', 'c', 'Perkalian 189 x 85 = 16.065', 5),
(156, 4, 'Matematika', '3.528 : 84 = ...', 8, '40', '41', '42', '43', 'c', 'Pembagian 3.528 : 84 = 42', 5),
(157, 4, 'Matematika', '11.789 + 9.456 = ...', 8, '21.243', '21.244', '21.245', '21.246', 'c', 'Penjumlahan 11.789 + 9.456 = 21.245', 5),
(158, 4, 'Matematika', '35.000 - 15.678 = ...', 8, '19.320', '19.321', '19.322', '19.323', 'c', 'Pengurangan 35.000 - 15.678 = 19.322', 5),
(159, 4, 'Matematika', '234 x 96 = ...', 8, '22.462', '22.463', '22.464', '22.465', 'c', 'Perkalian 234 x 96 = 22.464', 5),
(160, 4, 'Matematika', '4.032 : 96 = ...', 8, '40', '41', '42', '43', 'c', 'Pembagian 4.032 : 96 = 42', 5),
(161, 5, 'Matematika', '3/4 + 2/3 = ...', 9, '17/12', '18/12', '19/12', '20/12', 'a', 'Penjumlahan pecahan: 9/12 + 8/12 = 17/12', 5),
(162, 5, 'Matematika', '5/6 - 1/4 = ...', 9, '5/12', '7/12', '8/12', '9/12', 'b', 'Pengurangan pecahan: 10/12 - 3/12 = 7/12', 5),
(163, 5, 'Matematika', '2,5 x 3,4 = ...', 9, '8,3', '8,4', '8,5', '8,6', 'c', 'Perkalian desimal: 2,5 x 3,4 = 8,5', 5),
(164, 5, 'Matematika', '15,6 : 1,2 = ...', 9, '12', '13', '14', '15', 'b', 'Pembagian desimal: 15,6 : 1,2 = 13', 5),
(165, 5, 'Matematika', '125 x 125 = ...', 9, '15.623', '15.624', '15.625', '15.626', 'c', 'Perkalian: 125 x 125 = 15.625', 5),
(166, 5, 'Matematika', '45% dari 200 = ...', 9, '88', '89', '90', '91', 'c', 'Persentase: 45/100 x 200 = 90', 5),
(167, 5, 'Matematika', 'Akar kuadrat dari 144 = ...', 9, '10', '11', '12', '13', 'c', 'Akar kuadrat dari 144 adalah 12', 5),
(168, 5, 'Matematika', '2³ x 5² = ...', 9, '198', '199', '200', '201', 'c', 'Perpangkatan: 8 x 25 = 200', 5),
(169, 5, 'Matematika', 'KPK dari 12 dan 18 = ...', 9, '34', '35', '36', '37', 'c', 'KPK dari 12 dan 18 adalah 36', 5),
(170, 5, 'Matematika', 'FPB dari 24 dan 36 = ...', 9, '10', '11', '12', '13', 'c', 'FPB dari 24 dan 36 adalah 12', 5),
(171, 5, 'Matematika', '7/8 + 3/4 = ...', 9, '11/8', '12/8', '13/8', '14/8', 'c', 'Penjumlahan pecahan: 7/8 + 6/8 = 13/8', 5),
(172, 5, 'Matematika', '4,8 x 2,5 = ...', 9, '10', '11', '12', '13', 'c', 'Perkalian desimal: 4,8 x 2,5 = 12', 5),
(173, 5, 'Matematika', '216 : 18 = ...', 9, '10', '11', '12', '13', 'c', 'Pembagian: 216 : 18 = 12', 5),
(174, 5, 'Matematika', '60% dari 150 = ...', 9, '88', '89', '90', '91', 'c', 'Persentase: 60/100 x 150 = 90', 5),
(175, 5, 'Matematika', 'Akar kuadrat dari 196 = ...', 9, '12', '13', '14', '15', 'c', 'Akar kuadrat dari 196 adalah 14', 5),
(176, 5, 'Matematika', '3⁴ = ...', 9, '79', '80', '81', '82', 'c', 'Perpangkatan: 3⁴ = 81', 5),
(177, 5, 'Matematika', 'KPK dari 15 dan 20 = ...', 9, '58', '59', '60', '61', 'c', 'KPK dari 15 dan 20 adalah 60', 5),
(178, 5, 'Matematika', 'FPB dari 48 dan 72 = ...', 9, '22', '23', '24', '25', 'c', 'FPB dari 48 dan 72 adalah 24', 5),
(179, 5, 'Matematika', '5/6 x 3/5 = ...', 9, '1/2', '1/3', '2/3', '3/4', 'a', 'Perkalian pecahan: 15/30 = 1/2', 5),
(180, 5, 'Matematika', '8,4 : 2,1 = ...', 9, '2', '3', '4', '5', 'c', 'Pembagian desimal: 8,4 : 2,1 = 4', 5),
(181, 5, 'Matematika', '5/8 + 3/4 = ...', 10, '9/8', '10/8', '11/8', '12/8', 'c', 'Penjumlahan pecahan: 5/8 + 6/8 = 11/8', 5),
(182, 5, 'Matematika', '7/9 - 2/3 = ...', 10, '1/9', '2/9', '3/9', '4/9', 'a', 'Pengurangan pecahan: 7/9 - 6/9 = 1/9', 5),
(183, 5, 'Matematika', '3,6 x 4,5 = ...', 10, '16,0', '16,1', '16,2', '16,3', 'c', 'Perkalian desimal: 3,6 x 4,5 = 16,2', 5),
(184, 5, 'Matematika', '24,6 : 2,4 = ...', 10, '10,15', '10,20', '10,25', '10,30', 'c', 'Pembagian desimal: 24,6 : 2,4 = 10,25', 5),
(185, 5, 'Matematika', '156 x 156 = ...', 10, '24.334', '24.335', '24.336', '24.337', 'c', 'Perkalian: 156 x 156 = 24.336', 5),
(186, 5, 'Matematika', '75% dari 240 = ...', 10, '178', '179', '180', '181', 'c', 'Persentase: 75/100 x 240 = 180', 5),
(187, 5, 'Matematika', 'Akar kuadrat dari 225 = ...', 10, '13', '14', '15', '16', 'c', 'Akar kuadrat dari 225 adalah 15', 5),
(188, 5, 'Matematika', '4³ x 2² = ...', 10, '254', '255', '256', '257', 'c', 'Perpangkatan: 64 x 4 = 256', 5),
(189, 5, 'Matematika', 'KPK dari 18 dan 24 = ...', 10, '70', '71', '72', '73', 'c', 'KPK dari 18 dan 24 adalah 72', 5),
(190, 5, 'Matematika', 'FPB dari 60 dan 90 = ...', 10, '28', '29', '30', '31', 'c', 'FPB dari 60 dan 90 adalah 30', 5),
(191, 5, 'Matematika', '7/10 x 5/7 = ...', 10, '1/2', '1/3', '2/3', '3/4', 'a', 'Perkalian pecahan: 35/70 = 1/2', 5),
(192, 5, 'Matematika', '12,8 : 3,2 = ...', 10, '2', '3', '4', '5', 'c', 'Pembagian desimal: 12,8 : 3,2 = 4', 5),
(193, 5, 'Matematika', '2/5 : 4/5 = ...', 10, '1/2', '1/3', '2/3', '3/4', 'a', 'Pembagian pecahan: 2/5 x 5/4 = 10/20 = 1/2', 5),
(194, 5, 'Matematika', '85% dari 300 = ...', 10, '253', '254', '255', '256', 'c', 'Persentase: 85/100 x 300 = 255', 5),
(195, 5, 'Matematika', 'Akar kuadrat dari 289 = ...', 10, '15', '16', '17', '18', 'c', 'Akar kuadrat dari 289 adalah 17', 5),
(196, 5, 'Matematika', '5⁴ = ...', 10, '623', '624', '625', '626', 'c', 'Perpangkatan: 5⁴ = 625', 5),
(197, 5, 'Matematika', 'KPK dari 16 dan 24 = ...', 10, '46', '47', '48', '49', 'c', 'KPK dari 16 dan 24 adalah 48', 5),
(198, 5, 'Matematika', 'FPB dari 54 dan 81 = ...', 10, '25', '26', '27', '28', 'c', 'FPB dari 54 dan 81 adalah 27', 5),
(199, 5, 'Matematika', '3/7 + 5/14 = ...', 10, '9/14', '10/14', '11/14', '12/14', 'c', 'Penjumlahan pecahan: 6/14 + 5/14 = 11/14', 5),
(200, 5, 'Matematika', '6,5 x 3,2 = ...', 10, '20,6', '20,7', '20,8', '20,9', 'c', 'Perkalian desimal: 6,5 x 3,2 = 20,8', 5),
(201, 6, 'Matematika', 'Luas lingkaran dengan jari-jari 14 cm (π = 22/7) adalah ...', 11, '614 cm²', '615 cm²', '616 cm²', '617 cm²', 'c', 'Luas = π x r² = 22/7 x 14 x 14 = 616 cm²', 5),
(202, 6, 'Matematika', 'Volume kubus dengan sisi 12 cm adalah ...', 11, '1.726 cm³', '1.727 cm³', '1.728 cm³', '1.729 cm³', 'c', 'Volume = s³ = 12³ = 1.728 cm³', 5),
(203, 6, 'Matematika', 'Keliling lingkaran dengan diameter 28 cm (π = 22/7) adalah ...', 11, '86 cm', '87 cm', '88 cm', '89 cm', 'c', 'Keliling = π x d = 22/7 x 28 = 88 cm', 5),
(204, 6, 'Matematika', 'Volume balok 15 cm x 8 cm x 6 cm adalah ...', 11, '718 cm³', '719 cm³', '720 cm³', '721 cm³', 'c', 'Volume = p x l x t = 15 x 8 x 6 = 720 cm³', 5),
(205, 6, 'Matematika', '(-15) + 23 = ...', 11, '6', '7', '8', '9', 'c', 'Penjumlahan bilangan bulat: -15 + 23 = 8', 5),
(206, 6, 'Matematika', '(-24) : 6 = ...', 11, '-6', '-5', '-4', '-3', 'c', 'Pembagian bilangan bulat negatif: -24 : 6 = -4', 5),
(207, 6, 'Matematika', 'Skala peta 1:250.000. Jarak pada peta 8 cm, jarak sebenarnya ...', 11, '18 km', '19 km', '20 km', '21 km', 'c', 'Jarak sebenarnya = 8 x 250.000 = 2.000.000 cm = 20 km', 5),
(208, 6, 'Matematika', 'Debit air 12 liter/menit. Volume air dalam 15 menit adalah ...', 11, '178 liter', '179 liter', '180 liter', '181 liter', 'c', 'Volume = debit x waktu = 12 x 15 = 180 liter', 5),
(209, 6, 'Matematika', 'Luas permukaan kubus dengan sisi 10 cm adalah ...', 11, '598 cm²', '599 cm²', '600 cm²', '601 cm²', 'c', 'Luas permukaan = 6 x s² = 6 x 100 = 600 cm²', 5),
(210, 6, 'Matematika', '(-8) x (-7) = ...', 11, '54', '55', '56', '57', 'c', 'Perkalian bilangan negatif: -8 x -7 = 56', 5),
(211, 6, 'Matematika', 'Koordinat titik A(5,-3) berada di kuadran ...', 11, 'I', 'II', 'III', 'IV', 'd', 'x positif, y negatif berada di kuadran IV', 5),
(212, 6, 'Matematika', 'Median dari data: 6, 8, 5, 9, 7, 4, 10 adalah ...', 11, '5', '6', '7', '8', 'c', 'Data diurutkan: 4,5,6,7,8,9,10. Median = nilai tengah = 7', 5),
(213, 6, 'Matematika', 'Modus dari data: 5, 7, 5, 8, 6, 5, 9 adalah ...', 11, '4', '5', '6', '7', 'b', 'Modus adalah data yang paling sering muncul = 5', 5),
(214, 6, 'Matematika', 'Volume tabung dengan r = 7 cm, t = 10 cm (π = 22/7) adalah ...', 11, '1.538 cm³', '1.539 cm³', '1.540 cm³', '1.541 cm³', 'c', 'Volume = π x r² x t = 22/7 x 49 x 10 = 1.540 cm³', 5),
(215, 6, 'Matematika', '3² + 4² = ...', 11, '23', '24', '25', '26', 'c', 'Perpangkatan: 9 + 16 = 25', 5),
(216, 6, 'Matematika', 'Akar pangkat tiga dari 1.728 adalah ...', 11, '10', '11', '12', '13', 'c', 'Akar pangkat tiga dari 1.728 adalah 12', 5),
(217, 6, 'Matematika', '(-18) - (-25) = ...', 11, '5', '6', '7', '8', 'c', 'Pengurangan bilangan bulat: -18 + 25 = 7', 5),
(218, 6, 'Matematika', 'Luas trapesium dengan sisi sejajar 12 cm dan 8 cm, tinggi 6 cm ...', 11, '58 cm²', '59 cm²', '60 cm²', '61 cm²', 'c', 'Luas = 1/2 x (a+b) x t = 1/2 x 20 x 6 = 60 cm²', 5),
(219, 6, 'Matematika', 'Rata-rata dari 7, 8, 6, 9, 5 adalah ...', 11, '5', '6', '7', '8', 'c', 'Rata-rata = (7+8+6+9+5) : 5 = 35 : 5 = 7', 5),
(220, 6, 'Matematika', 'Jarak 125 km ditempuh dalam 2,5 jam. Kecepatan rata-rata ...', 11, '48 km/jam', '49 km/jam', '50 km/jam', '51 km/jam', 'c', 'Kecepatan = jarak : waktu = 125 : 2,5 = 50 km/jam', 5),
(221, 6, 'Matematika', 'Luas lingkaran dengan jari-jari 21 cm (π = 22/7) adalah ...', 12, '1.384 cm²', '1.385 cm²', '1.386 cm²', '1.387 cm²', 'c', 'Luas = π x r² = 22/7 x 21 x 21 = 1.386 cm²', 5),
(222, 6, 'Matematika', 'Volume kubus dengan sisi 15 cm adalah ...', 12, '3.373 cm³', '3.374 cm³', '3.375 cm³', '3.376 cm³', 'c', 'Volume = s³ = 15³ = 3.375 cm³', 5),
(223, 6, 'Matematika', 'Keliling lingkaran dengan diameter 42 cm (π = 22/7) adalah ...', 12, '130 cm', '131 cm', '132 cm', '133 cm', 'c', 'Keliling = π x d = 22/7 x 42 = 132 cm', 5),
(224, 6, 'Matematika', 'Volume balok 18 cm x 12 cm x 8 cm adalah ...', 12, '1.726 cm³', '1.727 cm³', '1.728 cm³', '1.729 cm³', 'c', 'Volume = p x l x t = 18 x 12 x 8 = 1.728 cm³', 5),
(225, 6, 'Matematika', '(-28) + 45 = ...', 12, '15', '16', '17', '18', 'c', 'Penjumlahan bilangan bulat: -28 + 45 = 17', 5),
(226, 6, 'Matematika', '(-56) : 8 = ...', 12, '-9', '-8', '-7', '-6', 'c', 'Pembagian bilangan bulat negatif: -56 : 8 = -7', 5),
(227, 6, 'Matematika', 'Skala peta 1:500.000. Jarak pada peta 6 cm, jarak sebenarnya ...', 12, '28 km', '29 km', '30 km', '31 km', 'c', 'Jarak sebenarnya = 6 x 500.000 = 3.000.000 cm = 30 km', 5),
(228, 6, 'Matematika', 'Debit air 15 liter/menit. Volume air dalam 18 menit adalah ...', 12, '268 liter', '269 liter', '270 liter', '271 liter', 'c', 'Volume = debit x waktu = 15 x 18 = 270 liter', 5),
(229, 6, 'Matematika', 'Luas permukaan kubus dengan sisi 13 cm adalah ...', 12, '1.012 cm²', '1.013 cm²', '1.014 cm²', '1.015 cm²', 'c', 'Luas permukaan = 6 x s² = 6 x 169 = 1.014 cm²', 5),
(230, 6, 'Matematika', '(-12) x (-9) = ...', 12, '106', '107', '108', '109', 'c', 'Perkalian bilangan negatif: -12 x -9 = 108', 5),
(231, 6, 'Matematika', 'Koordinat titik B(-4,6) berada di kuadran ...', 12, 'I', 'II', 'III', 'IV', 'b', 'x negatif, y positif berada di kuadran II', 5),
(232, 6, 'Matematika', 'Median dari data: 8, 12, 6, 15, 10, 5, 14 adalah ...', 12, '8', '9', '10', '11', 'c', 'Data diurutkan: 5,6,8,10,12,14,15. Median = 10', 5),
(233, 6, 'Matematika', 'Modus dari data: 9, 7, 8, 7, 10, 7, 11 adalah ...', 12, '6', '7', '8', '9', 'b', 'Modus adalah data yang paling sering muncul = 7', 5),
(234, 6, 'Matematika', 'Volume tabung dengan r = 10 cm, t = 15 cm (π = 3,14) adalah ...', 12, '4.708 cm³', '4.709 cm³', '4.710 cm³', '4.711 cm³', 'c', 'Volume = π x r² x t = 3,14 x 100 x 15 = 4.710 cm³', 5),
(235, 6, 'Matematika', '5² + 12² = ...', 12, '167', '168', '169', '170', 'c', 'Perpangkatan: 25 + 144 = 169', 5),
(236, 6, 'Matematika', 'Akar pangkat tiga dari 2.744 adalah ...', 12, '12', '13', '14', '15', 'c', 'Akar pangkat tiga dari 2.744 adalah 14', 5),
(237, 6, 'Matematika', '(-32) - (-48) = ...', 12, '14', '15', '16', '17', 'c', 'Pengurangan bilangan bulat: -32 + 48 = 16', 5),
(238, 6, 'Matematika', 'Luas trapesium dengan sisi sejajar 15 cm dan 9 cm, tinggi 8 cm ...', 12, '94 cm²', '95 cm²', '96 cm²', '97 cm²', 'c', 'Luas = 1/2 x (a+b) x t = 1/2 x 24 x 8 = 96 cm²', 5),
(239, 6, 'Matematika', 'Rata-rata dari 9, 12, 8, 15, 11 adalah ...', 12, '9', '10', '11', '12', 'c', 'Rata-rata = (9+12+8+15+11) : 5 = 55 : 5 = 11', 5),
(240, 6, 'Matematika', 'Jarak 180 km ditempuh dalam 3 jam. Kecepatan rata-rata ...', 12, '58 km/jam', '59 km/jam', '60 km/jam', '61 km/jam', 'c', 'Kecepatan = jarak : waktu = 180 : 3 = 60 km/jam', 5),
(241, 1, 'IPA', 'Anggota tubuh untuk melihat adalah ...', 13, 'Hidung', 'Mata', 'Telinga', 'Mulut', 'b', 'Mata adalah organ tubuh yang berfungsi untuk melihat', 5),
(242, 1, 'IPA', 'Anggota tubuh untuk mendengar adalah ...', 13, 'Hidung', 'Mata', 'Telinga', 'Mulut', 'c', 'Telinga adalah organ tubuh yang berfungsi untuk mendengar', 5),
(243, 1, 'IPA', 'Hewan yang dapat terbang adalah ...', 13, 'Kucing', 'Anjing', 'Burung', 'Ikan', 'c', 'Burung memiliki sayap untuk terbang', 5),
(244, 1, 'IPA', 'Hewan yang hidup di air adalah ...', 13, 'Kucing', 'Anjing', 'Burung', 'Ikan', 'd', 'Ikan hidup di dalam air', 5),
(245, 1, 'IPA', 'Tumbuhan memerlukan ... untuk tumbuh', 13, 'Air', 'Batu', 'Plastik', 'Logam', 'a', 'Tumbuhan memerlukan air untuk dapat tumbuh', 5),
(246, 1, 'IPA', 'Matahari terbit dari arah ...', 13, 'Barat', 'Timur', 'Utara', 'Selatan', 'b', 'Matahari terbit dari arah timur', 5),
(247, 1, 'IPA', 'Buah apel berwarna ...', 13, 'Kuning', 'Merah', 'Biru', 'Hitam', 'b', 'Buah apel umumnya berwarna merah', 5),
(248, 1, 'IPA', 'Ayam berkembang biak dengan cara ...', 13, 'Melahirkan', 'Bertelur', 'Membelah diri', 'Bertunas', 'b', 'Ayam berkembang biak dengan cara bertelur', 5),
(249, 1, 'IPA', 'Anggota tubuh untuk mencium bau adalah ...', 13, 'Hidung', 'Mata', 'Telinga', 'Mulut', 'a', 'Hidung berfungsi untuk mencium bau', 5),
(250, 1, 'IPA', 'Siang hari matahari bersinar ...', 13, 'Redup', 'Terang', 'Gelap', 'Dingin', 'b', 'Siang hari matahari bersinar terang', 5),
(251, 1, 'IPA', 'Kucing memiliki ... kaki', 13, 'Dua', 'Tiga', 'Empat', 'Lima', 'c', 'Kucing memiliki empat kaki', 5),
(252, 1, 'IPA', 'Daun berwarna ...', 13, 'Merah', 'Hijau', 'Biru', 'Hitam', 'b', 'Daun umumnya berwarna hijau', 5),
(253, 1, 'IPA', 'Anggota tubuh untuk berjalan adalah ...', 13, 'Tangan', 'Kaki', 'Kepala', 'Perut', 'b', 'Kaki digunakan untuk berjalan', 5),
(254, 1, 'IPA', 'Bunga mawar memiliki ...', 13, 'Sayap', 'Duri', 'Sirip', 'Insang', 'b', 'Bunga mawar memiliki duri pada batangnya', 5),
(255, 1, 'IPA', 'Udara dapat kita hirup dengan ...', 13, 'Mata', 'Hidung', 'Telinga', 'Tangan', 'b', 'Udara dihirup menggunakan hidung', 5),
(256, 1, 'IPA', 'Ikan bernapas dengan ...', 13, 'Paru-paru', 'Insang', 'Kulit', 'Trakea', 'b', 'Ikan bernapas menggunakan insang', 5),
(257, 1, 'IPA', 'Manusia memiliki ... jari tangan', 13, 'Empat', 'Lima', 'Enam', 'Tujuh', 'b', 'Manusia memiliki lima jari di setiap tangan', 5),
(258, 1, 'IPA', 'Air hujan turun dari ...', 13, 'Tanah', 'Awan', 'Laut', 'Sungai', 'b', 'Air hujan turun dari awan', 5),
(259, 1, 'IPA', 'Hewan yang berkaki empat adalah ...', 13, 'Ayam', 'Burung', 'Kucing', 'Ular', 'c', 'Kucing adalah hewan berkaki empat', 5),
(260, 1, 'IPA', 'Warna langit di siang hari adalah ...', 13, 'Merah', 'Biru', 'Hitam', 'Kuning', 'b', 'Langit di siang hari berwarna biru', 5),
(261, 1, 'IPA', 'Anggota tubuh untuk merasakan adalah ...', 14, 'Mata', 'Hidung', 'Lidah', 'Telinga', 'c', 'Lidah berfungsi untuk merasakan', 5),
(262, 1, 'IPA', 'Hewan yang melompat adalah ...', 14, 'Ikan', 'Katak', 'Burung', 'Ular', 'b', 'Katak bergerak dengan cara melompat', 5),
(263, 1, 'IPA', 'Bunga memiliki ...', 14, 'Sirip', 'Sayap', 'Mahkota', 'Insang', 'c', 'Bunga memiliki mahkota bunga', 5),
(264, 1, 'IPA', 'Gigi berguna untuk ...', 14, 'Melihat', 'Mengunyah', 'Mendengar', 'Mencium', 'b', 'Gigi berguna untuk mengunyah makanan', 5),
(265, 1, 'IPA', 'Malam hari udara terasa ...', 14, 'Panas', 'Dingin', 'Hangat sekali', 'Terang', 'b', 'Malam hari udara terasa dingin', 5),
(266, 1, 'IPA', 'Kambing memakan ...', 14, 'Daging', 'Ikan', 'Rumput', 'Serangga', 'c', 'Kambing adalah hewan pemakan rumput', 5),
(267, 1, 'IPA', 'Benda yang dapat mengapung adalah ...', 14, 'Batu', 'Besi', 'Kayu', 'Kaca', 'c', 'Kayu dapat mengapung di air', 5),
(268, 1, 'IPA', 'Rambut tumbuh di ...', 14, 'Kaki', 'Tangan', 'Kepala', 'Perut', 'c', 'Rambut tumbuh di kepala', 5),
(269, 1, 'IPA', 'Bebek memiliki kaki ...', 14, 'Bersirip', 'Berselaput', 'Bercakar', 'Berkuku', 'b', 'Bebek memiliki kaki berselaput untuk berenang', 5),
(270, 1, 'IPA', 'Buah pisang berwarna ...', 14, 'Merah', 'Kuning', 'Biru', 'Hitam', 'b', 'Buah pisang berwarna kuning', 5),
(271, 1, 'IPA', 'Manusia bernapas dengan ...', 14, 'Insang', 'Paru-paru', 'Kulit', 'Trakea', 'b', 'Manusia bernapas dengan paru-paru', 5),
(272, 1, 'IPA', 'Ular bergerak dengan cara ...', 14, 'Berjalan', 'Melompat', 'Merayap', 'Terbang', 'c', 'Ular bergerak dengan cara merayap', 5),
(273, 1, 'IPA', 'Tangan berguna untuk ...', 14, 'Berjalan', 'Memegang', 'Mendengar', 'Melihat', 'b', 'Tangan berguna untuk memegang', 5),
(274, 1, 'IPA', 'Sapi menghasilkan ...', 14, 'Madu', 'Susu', 'Telur', 'Wol', 'b', 'Sapi menghasilkan susu', 5),
(275, 1, 'IPA', 'Tanaman memerlukan ... matahari', 14, 'Cahaya', 'Angin', 'Hujan', 'Salju', 'a', 'Tanaman memerlukan cahaya matahari', 5),
(276, 1, 'IPA', 'Bintang terlihat pada malam ...', 14, 'Siang', 'Sore', 'Hari', 'Hari', 'c', 'Bintang terlihat pada malam hari', 5),
(277, 1, 'IPA', 'Kupu-kupu memiliki ...', 14, 'Sirip', 'Sayap', 'Insang', 'Kaki berselaput', 'b', 'Kupu-kupu memiliki sayap', 5),
(278, 1, 'IPA', 'Es batu terasa ...', 14, 'Panas', 'Dingin', 'Hangat', 'Kasar', 'b', 'Es batu terasa dingin', 5),
(279, 1, 'IPA', 'Jeruk termasuk buah yang rasanya ...', 14, 'Manis', 'Pahit', 'Asam', 'Asin', 'c', 'Jeruk memiliki rasa asam', 5),
(280, 1, 'IPA', 'Kelelawar aktif pada waktu ...', 14, 'Pagi', 'Siang', 'Malam', 'Sore', 'c', 'Kelelawar adalah hewan nokturnal yang aktif di malam hari', 5),
(281, 2, 'IPA', 'Bagian tumbuhan yang ada di dalam tanah adalah ...', 15, 'Daun', 'Bunga', 'Akar', 'Buah', 'c', 'Akar adalah bagian tumbuhan yang berada di dalam tanah', 5),
(282, 2, 'IPA', 'Fungsi akar pada tumbuhan adalah ...', 15, 'Membuat makanan', 'Menyerap air', 'Bernapas', 'Berkembang biak', 'b', 'Akar berfungsi menyerap air dan mineral dari tanah', 5),
(283, 2, 'IPA', 'Hewan yang hidup di darat adalah ...', 15, 'Ikan', 'Lumba-lumba', 'Sapi', 'Paus', 'c', 'Sapi adalah hewan yang hidup di darat', 5),
(284, 2, 'IPA', 'Es mencair menjadi ...', 15, 'Gas', 'Air', 'Padat', 'Uap', 'b', 'Es yang mencair berubah wujud menjadi air', 5),
(285, 2, 'IPA', 'Bagian tumbuhan yang berfungsi membuat makanan adalah ...', 15, 'Akar', 'Daun', 'Batang', 'Bunga', 'b', 'Daun berfungsi membuat makanan melalui fotosintesis', 5),
(286, 2, 'IPA', 'Air yang dipanaskan akan ...', 15, 'Membeku', 'Menguap', 'Mencair', 'Mengeras', 'b', 'Air yang dipanaskan akan menguap menjadi uap air', 5),
(287, 2, 'IPA', 'Hewan yang memiliki sisik adalah ...', 15, 'Ayam', 'Kucing', 'Ikan', 'Kelinci', 'c', 'Ikan memiliki tubuh bersisik', 5),
(288, 2, 'IPA', 'Tempat hidup ikan adalah ...', 15, 'Darat', 'Udara', 'Air', 'Pohon', 'c', 'Ikan hidup di air', 5),
(289, 2, 'IPA', 'Batang berfungsi untuk ...', 15, 'Menyerap air', 'Mengangkut air', 'Membuat makanan', 'Bernapas', 'b', 'Batang berfungsi mengangkut air dan mineral', 5),
(290, 2, 'IPA', 'Hewan yang berkembang biak dengan bertelur adalah ...', 15, 'Kucing', 'Sapi', 'Ayam', 'Kambing', 'c', 'Ayam berkembang biak dengan cara bertelur', 5),
(291, 2, 'IPA', 'Bunga berfungsi untuk ...', 15, 'Menyerap air', 'Membuat makanan', 'Berkembang biak', 'Bernapas', 'c', 'Bunga adalah alat perkembangbiakan tumbuhan', 5),
(292, 2, 'IPA', 'Contoh benda padat adalah ...', 15, 'Air', 'Udara', 'Batu', 'Asap', 'c', 'Batu adalah contoh benda padat', 5),
(293, 2, 'IPA', 'Contoh benda cair adalah ...', 15, 'Kayu', 'Minyak', 'Besi', 'Kertas', 'b', 'Minyak adalah contoh benda cair', 5),
(294, 2, 'IPA', 'Burung bernapas dengan ...', 15, 'Insang', 'Paru-paru', 'Kulit', 'Stomata', 'b', 'Burung bernapas menggunakan paru-paru', 5),
(295, 2, 'IPA', 'Harimau termasuk hewan ...', 15, 'Herbivora', 'Karnivora', 'Omnivora', 'Insektivora', 'b', 'Harimau adalah hewan karnivora (pemakan daging)', 5),
(296, 2, 'IPA', 'Tumbuhan memerlukan cahaya matahari untuk ...', 15, 'Bernapas', 'Fotosintesis', 'Tumbuh', 'Berkembang biak', 'b', 'Cahaya matahari diperlukan untuk proses fotosintesis', 5),
(297, 2, 'IPA', 'Cacing tanah hidup di ...', 15, 'Air', 'Udara', 'Tanah', 'Pohon', 'c', 'Cacing tanah hidup di dalam tanah', 5),
(298, 2, 'IPA', 'Hewan yang dapat hidup di dua alam adalah ...', 15, 'Ikan', 'Katak', 'Burung', 'Sapi', 'b', 'Katak adalah hewan amfibi yang dapat hidup di darat dan air', 5),
(299, 2, 'IPA', 'Daun yang sudah tua akan berwarna ...', 15, 'Hijau', 'Merah', 'Kuning', 'Biru', 'c', 'Daun tua biasanya berwarna kuning', 5),
(300, 2, 'IPA', 'Buah adalah hasil dari ...', 15, 'Akar', 'Batang', 'Daun', 'Bunga', 'd', 'Buah adalah hasil dari perkembangan bunga', 5),
(301, 2, 'IPA', 'Hewan yang memiliki bulu adalah ...', 16, 'Ikan', 'Burung', 'Ular', 'Katak', 'b', 'Burung memiliki tubuh yang ditutupi bulu', 5),
(302, 2, 'IPA', 'Benda gas tidak dapat ...', 16, 'Dilihat', 'Diraba', 'Dirasakan', 'Dicium', 'b', 'Benda gas tidak dapat diraba karena tidak berbentuk', 5),
(303, 2, 'IPA', 'Kelinci termasuk hewan ...', 16, 'Herbivora', 'Karnivora', 'Omnivora', 'Insektivora', 'a', 'Kelinci adalah hewan herbivora (pemakan tumbuhan)', 5),
(304, 2, 'IPA', 'Air hujan berasal dari ...', 16, 'Sungai', 'Laut', 'Awan', 'Danau', 'c', 'Air hujan turun dari awan', 5),
(305, 2, 'IPA', 'Bagian tumbuhan yang berwarna-warni adalah ...', 16, 'Akar', 'Batang', 'Bunga', 'Daun', 'c', 'Bunga biasanya memiliki warna-warni yang menarik', 5),
(306, 2, 'IPA', 'Kucing memiliki tubuh ditutupi ...', 16, 'Sisik', 'Bulu', 'Lendir', 'Kulit tebal', 'b', 'Kucing memiliki tubuh yang ditutupi bulu', 5),
(307, 2, 'IPA', 'Tumbuhan yang hidup di air adalah ...', 16, 'Mawar', 'Teratai', 'Kaktus', 'Cemara', 'b', 'Teratai adalah tumbuhan yang hidup di air', 5),
(308, 2, 'IPA', 'Benda yang dapat berubah bentuk sesuai wadahnya adalah ...', 16, 'Benda padat', 'Benda cair', 'Benda keras', 'Benda kaku', 'b', 'Benda cair dapat berubah bentuk sesuai wadahnya', 5),
(309, 2, 'IPA', 'Lebah menghasilkan ...', 16, 'Susu', 'Madu', 'Telur', 'Lilin saja', 'b', 'Lebah menghasilkan madu', 5),
(310, 2, 'IPA', 'Hewan yang memiliki cangkang adalah ...', 16, 'Ayam', 'Kura-kura', 'Kucing', 'Kelinci', 'b', 'Kura-kura memiliki cangkang untuk melindungi tubuhnya', 5),
(311, 2, 'IPA', 'Tumbuhan yang memiliki duri adalah ...', 16, 'Mawar', 'Melati', 'Anggrek', 'Tulip', 'a', 'Mawar memiliki duri pada batangnya', 5),
(312, 2, 'IPA', 'Perubahan air menjadi es disebut ...', 16, 'Mencair', 'Membeku', 'Menguap', 'Mengembun', 'b', 'Proses air menjadi es disebut membeku', 5),
(313, 2, 'IPA', 'Kambing termasuk hewan ...', 16, 'Herbivora', 'Karnivora', 'Omnivora', 'Insektivora', 'a', 'Kambing adalah hewan herbivora yang memakan rumput', 5),
(314, 2, 'IPA', 'Bagian tumbuhan yang berisi biji adalah ...', 16, 'Akar', 'Daun', 'Buah', 'Batang', 'c', 'Buah berisi biji untuk berkembang biak', 5),
(315, 2, 'IPA', 'Ular bergerak dengan cara ...', 16, 'Berjalan', 'Melompat', 'Merayap', 'Terbang', 'c', 'Ular bergerak dengan cara merayap', 5),
(316, 2, 'IPA', 'Contoh benda yang dapat mengapung adalah ...', 16, 'Batu', 'Besi', 'Styrofoam', 'Kaca', 'c', 'Styrofoam dapat mengapung di air', 5),
(317, 2, 'IPA', 'Tumbuhan yang tidak memiliki bunga adalah ...', 16, 'Mawar', 'Melati', 'Pakis', 'Anggrek', 'c', 'Pakis adalah tumbuhan yang tidak berbunga', 5),
(318, 2, 'IPA', 'Ayam jantan memiliki ...', 16, 'Telur', 'Jengger', 'Susu', 'Tanduk', 'b', 'Ayam jantan memiliki jengger di kepala', 5),
(319, 2, 'IPA', 'Hewan nokturnal adalah hewan yang aktif pada ...', 16, 'Pagi', 'Siang', 'Malam', 'Sore', 'c', 'Hewan nokturnal aktif pada malam hari', 5),
(320, 2, 'IPA', 'Manusia termasuk makhluk ...', 16, 'Mati', 'Hidup', 'Tidak hidup', 'Benda', 'b', 'Manusia termasuk makhluk hidup', 5),
(321, 3, 'IPA', 'Cuaca cerah ditandai dengan ...', 17, 'Hujan deras', 'Matahari bersinar', 'Mendung', 'Petir', 'b', 'Cuaca cerah ditandai dengan matahari bersinar terang', 5),
(322, 3, 'IPA', 'Benda yang dapat menyerap air adalah ...', 17, 'Plastik', 'Kaca', 'Spons', 'Besi', 'c', 'Spons adalah benda yang dapat menyerap air', 5),
(323, 3, 'IPA', 'Sumber energi terbesar di bumi adalah ...', 17, 'Bulan', 'Bintang', 'Matahari', 'Angin', 'c', 'Matahari adalah sumber energi terbesar di bumi', 5),
(324, 3, 'IPA', 'Alat untuk mengukur suhu adalah ...', 17, 'Penggaris', 'Termometer', 'Timbangan', 'Jam', 'b', 'Termometer digunakan untuk mengukur suhu', 5),
(325, 3, 'IPA', 'Perubahan wujud dari cair menjadi gas disebut ...', 17, 'Mencair', 'Membeku', 'Menguap', 'Mengembun', 'c', 'Proses perubahan cair ke gas disebut menguap', 5),
(326, 3, 'IPA', 'Benda yang dapat menghantarkan panas dengan baik adalah ...', 17, 'Kayu', 'Plastik', 'Logam', 'Kain', 'c', 'Logam adalah konduktor panas yang baik', 5),
(327, 3, 'IPA', 'Hujan terjadi karena ...', 17, 'Angin kencang', 'Awan jenuh air', 'Matahari panas', 'Bulan terang', 'b', 'Hujan terjadi ketika awan jenuh dengan uap air', 5),
(328, 3, 'IPA', 'Energi yang dihasilkan dari makanan disebut energi ...', 17, 'Listrik', 'Kimia', 'Panas', 'Cahaya', 'b', 'Makanan mengandung energi kimia', 5),
(329, 3, 'IPA', 'Tanah yang baik untuk tanaman adalah tanah yang ...', 17, 'Keras', 'Subur', 'Kering', 'Berpasir', 'b', 'Tanah subur baik untuk pertumbuhan tanaman', 5),
(330, 3, 'IPA', 'Gerak benda dapat disebabkan oleh ...', 17, 'Warna', 'Gaya', 'Suara', 'Cahaya', 'b', 'Gerak benda disebabkan oleh gaya', 5),
(331, 3, 'IPA', 'Sifat benda padat adalah ...', 17, 'Bentuk berubah', 'Bentuk tetap', 'Tidak terlihat', 'Mengalir', 'b', 'Benda padat memiliki bentuk yang tetap', 5),
(332, 3, 'IPA', 'Alat untuk mengukur berat benda adalah ...', 17, 'Penggaris', 'Termometer', 'Timbangan', 'Jam', 'c', 'Timbangan digunakan untuk mengukur berat', 5),
(333, 3, 'IPA', 'Perubahan wujud dari gas menjadi cair disebut ...', 17, 'Mencair', 'Membeku', 'Menguap', 'Mengembun', 'd', 'Proses gas menjadi cair disebut mengembun', 5),
(334, 3, 'IPA', 'Gaya yang menarik benda ke bawah disebut gaya ...', 17, 'Dorong', 'Tarik', 'Gravitasi', 'Gesek', 'c', 'Gaya gravitasi menarik benda ke bawah', 5),
(335, 3, 'IPA', 'Bunyi dapat merambat melalui ...', 17, 'Ruang hampa', 'Udara', 'Gelap', 'Terang', 'b', 'Bunyi merambat melalui medium seperti udara', 5),
(336, 3, 'IPA', 'Sumber energi alternatif adalah ...', 17, 'Minyak bumi', 'Batu bara', 'Angin', 'Bensin', 'c', 'Angin adalah sumber energi alternatif', 5),
(337, 3, 'IPA', 'Gerak jatuh benda disebabkan oleh gaya ...', 17, 'Magnet', 'Gravitasi', 'Listrik', 'Pegas', 'b', 'Benda jatuh karena gaya gravitasi bumi', 5),
(338, 3, 'IPA', 'Benda yang dapat ditarik magnet adalah ...', 17, 'Kayu', 'Plastik', 'Besi', 'Kaca', 'c', 'Besi dapat ditarik oleh magnet', 5),
(339, 3, 'IPA', 'Alat musik yang menggunakan senar adalah ...', 17, 'Drum', 'Gitar', 'Terompet', 'Flute', 'b', 'Gitar menggunakan senar untuk menghasilkan bunyi', 5),
(340, 3, 'IPA', 'Wujud air di awan adalah ...', 17, 'Padat', 'Cair', 'Gas', 'Kristal', 'c', 'Air di awan berbentuk uap air (gas)', 5),
(341, 3, 'IPA', 'Cahaya dapat ...', 18, 'Menembus semua benda', 'Dipantulkan', 'Berbunyi', 'Dingin', 'b', 'Cahaya dapat dipantulkan oleh permukaan benda', 5),
(342, 3, 'IPA', 'Gaya yang memperlambat gerak benda disebut gaya ...', 18, 'Dorong', 'Tarik', 'Gesek', 'Gravitasi', 'c', 'Gaya gesek memperlambat gerak benda', 5),
(343, 3, 'IPA', 'Angin terjadi karena perbedaan ...', 18, 'Cahaya', 'Suhu udara', 'Warna', 'Bunyi', 'b', 'Angin terjadi karena perbedaan suhu udara', 5),
(344, 3, 'IPA', 'Benda yang dapat tembus cahaya disebut benda ...', 18, 'Buram', 'Transparan', 'Gelap', 'Hitam', 'b', 'Benda transparan dapat ditembus cahaya', 5),
(345, 3, 'IPA', 'Energi listrik dapat diubah menjadi energi ...', 18, 'Kimia', 'Cahaya', 'Makanan', 'Air', 'b', 'Listrik dapat diubah menjadi cahaya pada lampu', 5),
(346, 3, 'IPA', 'Pelangi terjadi karena ...', 18, 'Hujan deras', 'Pembiasan cahaya', 'Angin kencang', 'Panas matahari', 'b', 'Pelangi terjadi karena pembiasan cahaya matahari', 5),
(347, 3, 'IPA', 'Bunyi yang sangat keras dapat merusak ...', 18, 'Mata', 'Telinga', 'Hidung', 'Lidah', 'b', 'Bunyi keras dapat merusak pendengaran', 5),
(348, 3, 'IPA', 'Kutub magnet yang sejenis akan ...', 18, 'Tarik-menarik', 'Tolak-menolak', 'Diam', 'Berputar', 'b', 'Kutub magnet sejenis akan tolak-menolak', 5),
(349, 3, 'IPA', 'Fosil adalah ...', 18, 'Hewan hidup', 'Sisa makhluk hidup purba', 'Batu biasa', 'Tanah', 'b', 'Fosil adalah sisa makhluk hidup zaman purba', 5),
(350, 3, 'IPA', 'Cara menghemat energi listrik adalah ...', 18, 'Menyalakan lampu siang hari', 'Matikan lampu saat tidak digunakan', 'Biarkan TV menyala', 'Buka kulkas terus', 'b', 'Matikan listrik saat tidak digunakan untuk menghemat energi', 5),
(351, 3, 'IPA', 'Perpindahan panas tanpa zat perantara disebut ...', 18, 'Konduksi', 'Konveksi', 'Radiasi', 'Isolasi', 'c', 'Radiasi adalah perpindahan panas tanpa zat perantara', 5),
(352, 3, 'IPA', 'Bayang-bayang terbentuk karena cahaya ...', 18, 'Menembus benda', 'Terhalang benda', 'Masuk benda', 'Hilang', 'b', 'Bayangan terbentuk saat cahaya terhalang benda', 5),
(353, 3, 'IPA', 'Tanaman dapat membuat makanan sendiri melalui proses ...', 18, 'Respirasi', 'Fotosintesis', 'Transpirasi', 'Evaporasi', 'b', 'Fotosintesis adalah proses pembuatan makanan pada tumbuhan', 5),
(354, 3, 'IPA', 'Gaya magnet paling kuat terdapat di ...', 18, 'Tengah magnet', 'Kutub magnet', 'Luar magnet', 'Semua bagian sama', 'b', 'Gaya magnet paling kuat di kutub magnet', 5),
(355, 3, 'IPA', 'Bahan bakar fosil berasal dari ...', 18, 'Tumbuhan masa kini', 'Makhluk hidup purba', 'Air laut', 'Udara', 'b', 'Bahan bakar fosil berasal dari makhluk hidup purba', 5),
(356, 3, 'IPA', 'Cermin digunakan untuk ...', 18, 'Menyerap cahaya', 'Memantulkan cahaya', 'Membuat cahaya', 'Menghilangkan cahaya', 'b', 'Cermin memantulkan cahaya', 5),
(357, 3, 'IPA', 'Suhu air mendidih adalah ...', 18, '0°C', '50°C', '100°C', '150°C', 'c', 'Air mendidih pada suhu 100°C', 5),
(358, 3, 'IPA', 'Benda yang tidak dapat menghantarkan listrik disebut ...', 18, 'Konduktor', 'Isolator', 'Semikonduktor', 'Magnet', 'b', 'Isolator adalah benda yang tidak menghantarkan listrik', 5),
(359, 3, 'IPA', 'Sumber energi terbesar di bumi adalah ...', 18, 'Angin', 'Air', 'Matahari', 'Batubara', 'c', 'Matahari adalah sumber energi terbesar di bumi', 5),
(360, 3, 'IPA', 'Metamorfosis sempurna terjadi pada ...', 18, 'Belalang', 'Kupu-kupu', 'Jangkrik', 'Kecoak', 'b', 'Kupu-kupu mengalami metamorfosis sempurna', 5),
(361, 4, 'IPA', 'Tulang tengkorak berfungsi melindungi ...', 19, 'Jantung', 'Otak', 'Paru-paru', 'Hati', 'b', 'Tulang tengkorak melindungi otak', 5),
(362, 4, 'IPA', 'Sendi yang dapat digerakkan ke segala arah adalah sendi ...', 19, 'Engsel', 'Putar', 'Peluru', 'Geser', 'c', 'Sendi peluru dapat bergerak ke segala arah', 5),
(363, 4, 'IPA', 'Gaya yang bekerja tanpa sentuhan adalah gaya ...', 19, 'Otot', 'Pegas', 'Magnet', 'Gesek', 'd', 'Gaya magnet bekerja tanpa sentuhan langsung', 5),
(364, 4, 'IPA', 'Perpindahan panas melalui zat perantara yang ikut berpindah disebut ...', 19, 'Konduksi', 'Konveksi', 'Radiasi', 'Isolasi', 'b', 'Konveksi adalah perpindahan panas dengan zat perantara ikut berpindah', 5),
(365, 4, 'IPA', 'Tulang rusuk berfungsi melindungi ...', 19, 'Otak', 'Jantung dan paru-paru', 'Lambung', 'Ginjal', 'b', 'Tulang rusuk melindungi jantung dan paru-paru', 5),
(366, 4, 'IPA', 'Bunyi pantul yang terdengar jelas disebut ...', 19, 'Gaung', 'Gema', 'Resonansi', 'Nada', 'b', 'Gema adalah bunyi pantul yang terdengar jelas', 5),
(367, 4, 'IPA', 'Contoh pesawat sederhana adalah ...', 19, 'Motor', 'Mobil', 'Katrol', 'Televisi', 'c', 'Katrol adalah contoh pesawat sederhana', 5),
(368, 4, 'IPA', 'Hubungan antara tulang yang satu dengan yang lain disebut ...', 19, 'Otot', 'Sendi', 'Ligamen', 'Tendon', 'b', 'Sendi adalah hubungan antar tulang', 5),
(369, 4, 'IPA', 'Gaya yang melawan gerak benda disebut gaya ...', 19, 'Dorong', 'Tarik', 'Gesek', 'Pegas', 'c', 'Gaya gesek melawan gerak benda', 5),
(370, 4, 'IPA', 'Bagian telinga yang berfungsi menangkap getaran bunyi adalah ...', 19, 'Gendang telinga', 'Daun telinga', 'Rumah siput', 'Saluran telinga', 'b', 'Daun telinga menangkap getaran bunyi', 5),
(371, 4, 'IPA', 'Bidang miring mempermudah pekerjaan dengan cara ...', 19, 'Menambah gaya', 'Mengurangi gaya', 'Menghilangkan gaya', 'Membalik gaya', 'b', 'Bidang miring mengurangi gaya yang diperlukan', 5),
(372, 4, 'IPA', 'Rangka tubuh manusia terdiri dari ... tulang', 19, '106', '206', '306', '406', 'b', 'Rangka manusia dewasa terdiri dari 206 tulang', 5),
(373, 4, 'IPA', 'Bunyi tidak dapat merambat melalui ...', 19, 'Udara', 'Air', 'Besi', 'Ruang hampa', 'd', 'Bunyi tidak dapat merambat di ruang hampa', 5),
(374, 4, 'IPA', 'Tuas jenis pertama memiliki titik tumpu di ...', 19, 'Ujung', 'Tengah', 'Pangkal', 'Sembarang', 'b', 'Tuas jenis pertama titik tumpunya di tengah', 5),
(375, 4, 'IPA', 'Otot yang bekerja tanpa disadari adalah otot ...', 19, 'Lurik', 'Polos', 'Rangka', 'Jantung', 'b', 'Otot polos bekerja tanpa kesadaran kita', 5),
(376, 4, 'IPA', 'Cermin cekung digunakan pada ...', 19, 'Kaca pembesar', 'Lampu senter', 'Kacamata minus', 'Mikroskop', 'b', 'Cermin cekung digunakan pada lampu senter', 5),
(377, 4, 'IPA', 'Alat untuk mengukur kecepatan angin adalah ...', 19, 'Termometer', 'Barometer', 'Anemometer', 'Higrometer', 'c', 'Anemometer mengukur kecepatan angin', 5),
(378, 4, 'IPA', 'Sendi engsel terdapat pada ...', 19, 'Leher', 'Bahu', 'Siku', 'Pinggul', 'c', 'Sendi engsel terdapat pada siku', 5),
(379, 4, 'IPA', 'Perpindahan panas melalui zat perantara yang tidak ikut berpindah disebut ...', 19, 'Konduksi', 'Konveksi', 'Radiasi', 'Isolasi', 'a', 'Konduksi adalah perpindahan panas tanpa zat perantara ikut berpindah', 5),
(380, 4, 'IPA', 'Roda dan poros termasuk pesawat sederhana jenis ...', 19, 'Tuas', 'Bidang miring', 'Katrol', 'Roda', 'd', 'Roda dan poros adalah jenis pesawat sederhana tersendiri', 5),
(381, 4, 'IPA', 'Sistem pencernaan dimulai dari ...', 20, 'Lambung', 'Mulut', 'Usus', 'Kerongkongan', 'b', 'Pencernaan dimulai dari mulut', 5);
INSERT INTO `soal` (`id`, `kelas`, `mata_pelajaran`, `soal`, `paket_soal`, `pilihan_a`, `pilihan_b`, `pilihan_c`, `pilihan_d`, `jawaban_benar`, `pembahasan`, `bobot`) VALUES
(382, 4, 'IPA', 'Organ yang menghasilkan enzim pencernaan adalah ...', 20, 'Jantung', 'Paru-paru', 'Pankreas', 'Ginjal', 'c', 'Pankreas menghasilkan enzim pencernaan', 5),
(383, 4, 'IPA', 'Bunyi dapat diperkeras dengan ...', 20, 'Peredam', 'Resonansi', 'Isolasi', 'Absorpsi', 'b', 'Resonansi dapat memperkeras bunyi', 5),
(384, 4, 'IPA', 'Tulang belakang terdiri dari ... ruas', 20, '23', '33', '43', '53', 'b', 'Tulang belakang terdiri dari 33 ruas', 5),
(385, 4, 'IPA', 'Katrol tetap berfungsi untuk ...', 20, 'Mengubah arah gaya', 'Memperbesar gaya', 'Mengurangi gaya', 'Menghilangkan gaya', 'a', 'Katrol tetap mengubah arah gaya', 5),
(386, 4, 'IPA', 'Makanan diserap di ...', 20, 'Lambung', 'Usus halus', 'Usus besar', 'Kerongkongan', 'b', 'Penyerapan makanan terjadi di usus halus', 5),
(387, 4, 'IPA', 'Gaya yang menyebabkan benda diam menjadi bergerak disebut gaya ...', 20, 'Gesek', 'Dorong', 'Gravitasi', 'Magnet', 'b', 'Gaya dorong/tarik menggerakkan benda', 5),
(388, 4, 'IPA', 'Tinggi rendahnya bunyi disebut ...', 20, 'Nada', 'Warna bunyi', 'Resonansi', 'Frekuensi', 'a', 'Tinggi rendah bunyi disebut nada', 5),
(389, 4, 'IPA', 'Fungsi usus besar adalah ...', 20, 'Mencerna makanan', 'Menyerap air', 'Menghasilkan enzim', 'Menyimpan makanan', 'b', 'Usus besar menyerap air dari sisa makanan', 5),
(390, 4, 'IPA', 'Cermin cembung menghasilkan bayangan yang ...', 20, 'Diperbesar', 'Diperkecil', 'Sama besar', 'Terbalik', 'b', 'Cermin cembung menghasilkan bayangan diperkecil', 5),
(391, 4, 'IPA', 'Sendi pelana terdapat pada ...', 20, 'Leher', 'Ibu jari', 'Siku', 'Lutut', 'b', 'Sendi pelana terdapat pada ibu jari', 5),
(392, 4, 'IPA', 'Alat untuk melihat benda-benda kecil adalah ...', 20, 'Teleskop', 'Mikroskop', 'Teropong', 'Periskop', 'b', 'Mikroskop digunakan untuk melihat benda kecil', 5),
(393, 4, 'IPA', 'Energi kimia dalam makanan diubah menjadi energi ...', 20, 'Listrik', 'Gerak', 'Panas', 'Cahaya', 'b', 'Makanan diubah menjadi energi gerak', 5),
(394, 4, 'IPA', 'Penyakit yang menyerang tulang karena kekurangan kalsium adalah ...', 20, 'Anemia', 'Osteoporosis', 'Diabetes', 'Hipertensi', 'b', 'Osteoporosis terjadi karena kekurangan kalsium', 5),
(395, 4, 'IPA', 'Benda yang dapat menghasilkan bunyi disebut ...', 20, 'Penerima bunyi', 'Sumber bunyi', 'Penyerap bunyi', 'Pemantul bunyi', 'b', 'Benda yang bergetar menghasilkan bunyi', 5),
(396, 4, 'IPA', 'Kegiatan yang dapat merusak tulang adalah ...', 20, 'Olahraga teratur', 'Minum susu', 'Sikap duduk yang salah', 'Makan bergizi', 'c', 'Sikap duduk salah dapat merusak tulang', 5),
(397, 4, 'IPA', 'Tangga termasuk pesawat sederhana jenis ...', 20, 'Tuas', 'Bidang miring', 'Katrol', 'Roda', 'b', 'Tangga adalah bentuk bidang miring', 5),
(398, 4, 'IPA', 'Enzim ptialin terdapat di ...', 20, 'Lambung', 'Mulut', 'Usus', 'Pankreas', 'b', 'Enzim ptialin terdapat di air liur (mulut)', 5),
(399, 4, 'IPA', 'Alat musik yang menghasilkan bunyi dari udara yang bergetar adalah ...', 20, 'Gitar', 'Drum', 'Seruling', 'Piano', 'c', 'Seruling menghasilkan bunyi dari udara bergetar', 5),
(400, 4, 'IPA', 'Tulang yang dapat bergerak disebut tulang ...', 20, 'Keras', 'Rawan', 'Pipih', 'Pipa', 'b', 'Tulang rawan dapat bergerak/lentur', 5),
(401, 5, 'IPA', 'Organ pernapasan utama manusia adalah ...', 21, 'Hidung', 'Tenggorokan', 'Paru-paru', 'Bronkus', 'c', 'Paru-paru adalah organ pernapasan utama', 5),
(402, 5, 'IPA', 'Pertukaran oksigen dan karbon dioksida terjadi di ...', 21, 'Hidung', 'Bronkus', 'Alveolus', 'Trakea', 'c', 'Pertukaran gas terjadi di alveolus', 5),
(403, 5, 'IPA', 'Katrol yang dapat memperbesar gaya adalah katrol ...', 21, 'Tetap', 'Bebas', 'Majemuk', 'Tunggal', 'c', 'Katrol majemuk memperbesar gaya', 5),
(404, 5, 'IPA', 'Siklus air dimulai dari proses ...', 21, 'Kondensasi', 'Evaporasi', 'Presipitasi', 'Infiltrasi', 'b', 'Siklus air dimulai dari evaporasi (penguapan)', 5),
(405, 5, 'IPA', 'Organ peredaran darah yang memompa darah adalah ...', 21, 'Paru-paru', 'Jantung', 'Pembuluh darah', 'Hati', 'b', 'Jantung memompa darah ke seluruh tubuh', 5),
(406, 5, 'IPA', 'Pembuluh darah yang membawa darah dari jantung adalah ...', 21, 'Vena', 'Arteri', 'Kapiler', 'Aorta', 'b', 'Arteri membawa darah dari jantung', 5),
(407, 5, 'IPA', 'Proses penguapan air dari tumbuhan disebut ...', 21, 'Evaporasi', 'Transpirasi', 'Kondensasi', 'Presipitasi', 'b', 'Transpirasi adalah penguapan dari tumbuhan', 5),
(408, 5, 'IPA', 'Tuas jenis kedua memiliki beban di ...', 21, 'Tengah', 'Ujung', 'Antara tumpu dan kuasa', 'Sembarang', 'c', 'Pada tuas jenis kedua, beban di antara tumpu dan kuasa', 5),
(409, 5, 'IPA', 'Penyakit yang menyerang sistem pernapasan adalah ...', 21, 'Diabetes', 'TBC', 'Hipertensi', 'Anemia', 'b', 'TBC menyerang paru-paru (sistem pernapasan)', 5),
(410, 5, 'IPA', 'Sel darah merah berfungsi ...', 21, 'Melawan penyakit', 'Mengangkut oksigen', 'Pembekuan darah', 'Menghasilkan antibodi', 'b', 'Sel darah merah mengangkut oksigen', 5),
(411, 5, 'IPA', 'Air yang meresap ke dalam tanah disebut ...', 21, 'Evaporasi', 'Kondensasi', 'Infiltrasi', 'Presipitasi', 'c', 'Infiltrasi adalah peresapan air ke tanah', 5),
(412, 5, 'IPA', 'Bidang miring pada baut disebut ...', 21, 'Sekrup', 'Tuas', 'Katrol', 'Roda', 'a', 'Sekrup adalah bidang miring yang melingkar', 5),
(413, 5, 'IPA', 'Volume udara pernapasan normal disebut ...', 21, 'Kapasitas vital', 'Volume tidal', 'Volume residu', 'Kapasitas total', 'b', 'Volume tidal adalah volume napas normal', 5),
(414, 5, 'IPA', 'Darah yang kaya oksigen berwarna ...', 21, 'Merah tua', 'Merah muda', 'Merah terang', 'Biru', 'c', 'Darah beroksigen berwarna merah terang', 5),
(415, 5, 'IPA', 'Hujan yang jatuh ke bumi disebut proses ...', 21, 'Evaporasi', 'Kondensasi', 'Presipitasi', 'Infiltrasi', 'c', 'Presipitasi adalah proses jatuhnya hujan', 5),
(416, 5, 'IPA', 'Keuntungan mekanik dihitung dari ...', 21, 'Gaya kuasa dibagi beban', 'Beban dibagi gaya kuasa', 'Beban dikali kuasa', 'Beban dikurangi kuasa', 'b', 'KM = Beban : Gaya kuasa', 5),
(417, 5, 'IPA', 'Gas hasil pernapasan yang dikeluarkan adalah ...', 21, 'Oksigen', 'Nitrogen', 'Karbon dioksida', 'Hidrogen', 'c', 'Pernapasan mengeluarkan karbon dioksida', 5),
(418, 5, 'IPA', 'Bagian jantung yang menerima darah dari tubuh adalah ...', 21, 'Serambi kiri', 'Serambi kanan', 'Bilik kiri', 'Bilik kanan', 'b', 'Serambi kanan menerima darah dari tubuh', 5),
(419, 5, 'IPA', 'Air tanah yang keluar ke permukaan disebut ...', 21, 'Sungai', 'Mata air', 'Danau', 'Laut', 'b', 'Mata air adalah keluarnya air tanah ke permukaan', 5),
(420, 5, 'IPA', 'Roda gigi termasuk pesawat sederhana yang menggunakan prinsip ...', 21, 'Tuas', 'Bidang miring', 'Katrol', 'Roda dan poros', 'd', 'Roda gigi menggunakan prinsip roda dan poros', 5),
(421, 5, 'IPA', 'Organ pencernaan yang menghasilkan asam lambung adalah ...', 22, 'Mulut', 'Lambung', 'Usus', 'Hati', 'b', 'Lambung menghasilkan asam lambung', 5),
(422, 5, 'IPA', 'Penyaringan darah terjadi di ...', 22, 'Jantung', 'Paru-paru', 'Ginjal', 'Hati', 'c', 'Ginjal menyaring darah', 5),
(423, 5, 'IPA', 'Cahaya merambat dengan ...', 22, 'Lurus', 'Melengkung', 'Berputar', 'Zigzag', 'a', 'Cahaya merambat lurus', 5),
(424, 5, 'IPA', 'Alat pernapasan pada ikan adalah ...', 22, 'Paru-paru', 'Insang', 'Kulit', 'Trakea', 'b', 'Ikan bernapas dengan insang', 5),
(425, 5, 'IPA', 'Pembuluh darah yang membawa darah ke jantung adalah ...', 22, 'Arteri', 'Vena', 'Kapiler', 'Aorta', 'b', 'Vena membawa darah ke jantung', 5),
(426, 5, 'IPA', 'Proses pembentukan urine terjadi di ...', 22, 'Jantung', 'Paru-paru', 'Ginjal', 'Hati', 'c', 'Urine dibentuk di ginjal', 5),
(427, 5, 'IPA', 'Pembiasan cahaya terjadi karena cahaya ...', 22, 'Dipantulkan', 'Melewati dua medium berbeda', 'Diserap', 'Dibelokkan magnet', 'b', 'Pembiasan terjadi saat cahaya melewati dua medium', 5),
(428, 5, 'IPA', 'Zat makanan yang berfungsi sebagai sumber energi utama adalah ...', 22, 'Protein', 'Karbohidrat', 'Vitamin', 'Mineral', 'b', 'Karbohidrat adalah sumber energi utama', 5),
(429, 5, 'IPA', 'Penyakit kekurangan vitamin C adalah ...', 22, 'Beri-beri', 'Skorbut', 'Rabun senja', 'Rakhitis', 'b', 'Skorbut disebabkan kekurangan vitamin C', 5),
(430, 5, 'IPA', 'Bagian mata yang berfungsi mengatur banyaknya cahaya masuk adalah ...', 22, 'Pupil', 'Lensa', 'Retina', 'Kornea', 'a', 'Pupil mengatur jumlah cahaya yang masuk', 5),
(431, 5, 'IPA', 'Tuas jenis ketiga memiliki kuasa di ...', 22, 'Tengah', 'Ujung', 'Antara tumpu dan beban', 'Sembarang', 'c', 'Pada tuas jenis ketiga, kuasa di antara tumpu dan beban', 5),
(432, 5, 'IPA', 'Hati berfungsi untuk ...', 22, 'Memompa darah', 'Menetralkan racun', 'Menyaring darah', 'Menyimpan oksigen', 'b', 'Hati menetralkan racun dalam tubuh', 5),
(433, 5, 'IPA', 'Penyakit yang disebabkan oleh kekurangan zat besi adalah ...', 22, 'Anemia', 'Diabetes', 'Hipertensi', 'Osteoporosis', 'a', 'Anemia disebabkan kekurangan zat besi', 5),
(434, 5, 'IPA', 'Bayangan pada retina mata bersifat ...', 22, 'Nyata, terbalik, diperkecil', 'Maya, tegak, diperbesar', 'Nyata, tegak, sama besar', 'Maya, terbalik, diperkecil', 'a', 'Bayangan di retina nyata, terbalik, dan diperkecil', 5),
(435, 5, 'IPA', 'Organ yang menyimpan urine sementara adalah ...', 22, 'Ginjal', 'Kandung kemih', 'Ureter', 'Uretra', 'b', 'Kandung kemih menyimpan urine sementara', 5),
(436, 5, 'IPA', 'Energi alternatif yang berasal dari panas bumi disebut ...', 22, 'Solar', 'Geothermal', 'Biogas', 'Nuklir', 'b', 'Geothermal adalah energi panas bumi', 5),
(437, 5, 'IPA', 'Protein berguna untuk ...', 22, 'Sumber energi', 'Pertumbuhan', 'Pengatur suhu', 'Pelarut', 'b', 'Protein untuk pertumbuhan dan perbaikan sel', 5),
(438, 5, 'IPA', 'Lensa cekung digunakan untuk mengatasi ...', 22, 'Rabun jauh', 'Rabun dekat', 'Rabun senja', 'Buta warna', 'b', 'Lensa cekung untuk rabun dekat (hipermetropi)', 5),
(439, 5, 'IPA', 'Proses pencernaan makanan secara kimiawi di mulut dilakukan oleh ...', 22, 'Gigi', 'Lidah', 'Air liur', 'Kerongkongan', 'c', 'Air liur mengandung enzim amilase untuk pencernaan kimiawi', 5),
(440, 5, 'IPA', 'Bagian jantung yang memompa darah ke paru-paru adalah ...', 22, 'Serambi kiri', 'Serambi kanan', 'Bilik kiri', 'Bilik kanan', 'd', 'Bilik kanan memompa darah ke paru-paru', 5),
(441, 6, 'IPA', 'Benda yang dapat ditarik magnet disebut benda ...', 23, 'Magnetik', 'Non-magnetik', 'Diamagnetik', 'Paramagnetik', 'a', 'Benda magnetik dapat ditarik magnet', 5),
(442, 6, 'IPA', 'Planet yang paling dekat dengan matahari adalah ...', 23, 'Bumi', 'Venus', 'Merkurius', 'Mars', 'c', 'Merkurius adalah planet terdekat dengan matahari', 5),
(443, 6, 'IPA', 'Listrik statis dapat dihasilkan dengan cara ...', 23, 'Menggosokan dua benda', 'Memanaskan benda', 'Mendinginkan benda', 'Membasahi benda', 'a', 'Listrik statis dihasilkan dari gesekan', 5),
(444, 6, 'IPA', 'Gerhana matahari terjadi karena ...', 23, 'Bumi di antara matahari dan bulan', 'Bulan di antara matahari dan bumi', 'Matahari tertutup awan', 'Matahari padam', 'b', 'Gerhana matahari terjadi saat bulan menghalangi matahari', 5),
(445, 6, 'IPA', 'Komponen listrik yang berfungsi memutus dan menyambung arus listrik adalah ...', 23, 'Lampu', 'Baterai', 'Sakelar', 'Kabel', 'c', 'Sakelar untuk memutus dan menyambung arus', 5),
(446, 6, 'IPA', 'Planet terbesar dalam tata surya adalah ...', 23, 'Saturnus', 'Jupiter', 'Uranus', 'Neptunus', 'b', 'Jupiter adalah planet terbesar', 5),
(447, 6, 'IPA', 'Benda yang dapat menghantarkan listrik disebut ...', 23, 'Isolator', 'Konduktor', 'Semikonduktor', 'Resistor', 'b', 'Konduktor menghantarkan listrik', 5),
(448, 6, 'IPA', 'Satelit alami bumi adalah ...', 23, 'Mars', 'Venus', 'Bulan', 'Merkurius', 'c', 'Bulan adalah satelit alami bumi', 5),
(449, 6, 'IPA', 'Magnet yang dibuat dengan cara dialiri listrik disebut ...', 23, 'Magnet tetap', 'Magnet sementara', 'Elektromagnet', 'Magnet buatan', 'c', 'Elektromagnet adalah magnet dari arus listrik', 5),
(450, 6, 'IPA', 'Gerhana bulan terjadi karena ...', 23, 'Bumi di antara matahari dan bulan', 'Bulan di antara matahari dan bumi', 'Bulan tertutup awan', 'Bulan padam', 'a', 'Gerhana bulan terjadi saat bumi menghalangi cahaya matahari ke bulan', 5),
(451, 6, 'IPA', 'Rangkaian listrik yang jika satu lampu mati yang lain ikut mati disebut rangkaian ...', 23, 'Seri', 'Paralel', 'Campuran', 'Tertutup', 'a', 'Pada rangkaian seri, satu lampu mati semua mati', 5),
(452, 6, 'IPA', 'Planet yang memiliki cincin adalah ...', 23, 'Mars', 'Jupiter', 'Saturnus', 'Venus', 'c', 'Saturnus terkenal dengan cincinnya', 5),
(453, 6, 'IPA', 'Kutub magnet yang sejenis akan ...', 23, 'Tarik-menarik', 'Tolak-menolak', 'Tidak berpengaruh', 'Menyatu', 'b', 'Kutub sejenis tolak-menolak', 5),
(454, 6, 'IPA', 'Bumi berotasi selama ...', 23, '12 jam', '24 jam', '30 hari', '365 hari', 'b', 'Bumi berotasi selama 24 jam', 5),
(455, 6, 'IPA', 'Alat yang mengubah energi listrik menjadi energi gerak adalah ...', 23, 'Lampu', 'Setrika', 'Motor listrik', 'Pemanas', 'c', 'Motor listrik mengubah energi listrik jadi gerak', 5),
(456, 6, 'IPA', 'Planet merah adalah julukan untuk planet ...', 23, 'Merkurius', 'Venus', 'Mars', 'Jupiter', 'c', 'Mars dijuluki planet merah', 5),
(457, 6, 'IPA', 'Rangkaian listrik yang jika satu lampu mati yang lain tetap menyala disebut rangkaian ...', 23, 'Seri', 'Paralel', 'Tertutup', 'Terbuka', 'b', 'Pada rangkaian paralel, satu lampu mati yang lain tetap menyala', 5),
(458, 6, 'IPA', 'Bumi berevolusi terhadap matahari selama ...', 23, '24 jam', '30 hari', '365 hari', '12 bulan', 'c', 'Bumi berevolusi selama 365 hari', 5),
(459, 6, 'IPA', 'Bahan yang tidak dapat ditarik magnet adalah ...', 23, 'Besi', 'Baja', 'Plastik', 'Nikel', 'c', 'Plastik tidak dapat ditarik magnet', 5),
(460, 6, 'IPA', 'Bintang yang paling dekat dengan bumi adalah ...', 23, 'Sirius', 'Polaris', 'Matahari', 'Proxima Centauri', 'c', 'Matahari adalah bintang terdekat dengan bumi', 5),
(461, 6, 'IPA', 'Perubahan kenampakan bulan disebut ...', 24, 'Rotasi', 'Revolusi', 'Fase bulan', 'Gerhana', 'c', 'Perubahan kenampakan bulan disebut fase bulan', 5),
(462, 6, 'IPA', 'Simbol resistor dalam rangkaian listrik berbentuk ...', 24, 'Garis lurus', 'Zigzag', 'Lingkaran', 'Segitiga', 'b', 'Simbol resistor berbentuk zigzag', 5),
(463, 6, 'IPA', 'Cara membuat magnet dengan menggosokkan ke magnet tetap disebut cara ...', 24, 'Induksi', 'Gosokan', 'Elektromagnetik', 'Dialiri listrik', 'b', 'Cara gosokan dengan menggosok ke magnet tetap', 5),
(464, 6, 'IPA', 'Planet yang tidak memiliki satelit adalah ...', 24, 'Merkurius dan Venus', 'Bumi dan Mars', 'Jupiter dan Saturnus', 'Uranus dan Neptunus', 'a', 'Merkurius dan Venus tidak punya satelit', 5),
(465, 6, 'IPA', 'Alat penghemat energi listrik adalah ...', 24, 'Setrika', 'Lampu LED', 'Pemanas air', 'AC', 'b', 'Lampu LED menghemat energi listrik', 5),
(466, 6, 'IPA', 'Bulan purnama terjadi ketika ...', 24, 'Bulan tidak terlihat', 'Bulan terlihat setengah', 'Bulan terlihat penuh', 'Bulan sabit', 'c', 'Bulan purnama adalah fase bulan penuh', 5),
(467, 6, 'IPA', 'Satuan kuat arus listrik adalah ...', 24, 'Volt', 'Ampere', 'Ohm', 'Watt', 'b', 'Ampere adalah satuan kuat arus listrik', 5),
(468, 6, 'IPA', 'Cara membuat magnet dengan didekatkan ke magnet tetap disebut cara ...', 24, 'Induksi', 'Gosokan', 'Elektromagnetik', 'Pemanasan', 'a', 'Cara induksi dengan mendekatkan ke magnet', 5),
(469, 6, 'IPA', 'Urutan planet dari matahari adalah ...', 24, 'Merkurius, Venus, Bumi, Mars', 'Venus, Merkurius, Bumi, Mars', 'Bumi, Venus, Merkurius, Mars', 'Mars, Bumi, Venus, Merkurius', 'a', 'Urutan: Merkurius, Venus, Bumi, Mars, Jupiter, Saturnus, Uranus, Neptunus', 5),
(470, 6, 'IPA', 'Sumber energi listrik PLN menggunakan ...', 24, 'Baterai', 'Aki', 'Generator', 'Dinamo', 'c', 'PLN menggunakan generator untuk menghasilkan listrik', 5),
(471, 6, 'IPA', 'Bulan baru terjadi ketika ...', 24, 'Bulan tidak terlihat', 'Bulan terlihat setengah', 'Bulan terlihat penuh', 'Bulan sabit', 'a', 'Bulan baru tidak terlihat dari bumi', 5),
(472, 6, 'IPA', 'Satuan hambatan listrik adalah ...', 24, 'Volt', 'Ampere', 'Ohm', 'Watt', 'c', 'Ohm adalah satuan hambatan listrik', 5),
(473, 6, 'IPA', 'Magnet yang kekuatannya dapat diatur disebut ...', 24, 'Magnet tetap', 'Magnet sementara', 'Elektromagnet', 'Magnet alam', 'c', 'Elektromagnet kekuatannya dapat diatur', 5),
(474, 6, 'IPA', 'Penyebab terjadinya siang dan malam adalah ...', 24, 'Rotasi bumi', 'Revolusi bumi', 'Rotasi bulan', 'Revolusi bulan', 'a', 'Siang malam terjadi karena rotasi bumi', 5),
(475, 6, 'IPA', 'Alat yang menggunakan prinsip elektromagnet adalah ...', 24, 'Lampu', 'Bel listrik', 'Pemanas', 'Setrika', 'b', 'Bel listrik menggunakan prinsip elektromagnet', 5),
(476, 6, 'IPA', 'Penyebab terjadinya perubahan musim adalah ...', 24, 'Rotasi bumi', 'Revolusi bumi', 'Rotasi bulan', 'Gerhana', 'b', 'Perubahan musim karena revolusi bumi', 5),
(477, 6, 'IPA', 'Satuan tegangan listrik adalah ...', 24, 'Volt', 'Ampere', 'Ohm', 'Watt', 'a', 'Volt adalah satuan tegangan listrik', 5),
(478, 6, 'IPA', 'Benda langit yang memancarkan cahaya sendiri disebut ...', 24, 'Planet', 'Satelit', 'Bintang', 'Komet', 'c', 'Bintang memancarkan cahaya sendiri', 5),
(479, 6, 'IPA', 'Cara menghilangkan sifat magnet adalah ...', 24, 'Direndam air', 'Dipukul-pukul', 'Didinginkan', 'Dibersihkan', 'b', 'Magnet hilang sifatnya jika dipukul-pukul', 5),
(480, 6, 'IPA', 'Gerhana matahari terjadi ketika ...', 24, 'Bumi berada di antara matahari dan bulan', 'Bulan berada di antara matahari dan bumi', 'Matahari berada di antara bumi dan bulan', 'Bulan mengelilingi bumi', 'b', 'Gerhana matahari terjadi saat bulan berada di antara matahari dan bumi', 5),
(481, 1, 'Bahasa Indonesia', 'Huruf pertama dalam alfabet adalah ...', 25, 'A', 'B', 'C', 'D', 'a', 'Huruf pertama alfabet adalah A', 5),
(482, 1, 'Bahasa Indonesia', 'Kata yang tepat untuk melengkapi: Ibu ... di pasar', 25, 'tidur', 'belanja', 'makan', 'minum', 'b', 'Ibu belanja di pasar adalah kalimat yang tepat', 5),
(483, 1, 'Bahasa Indonesia', 'Lawan kata dari \"besar\" adalah ...', 25, 'kecil', 'tinggi', 'lebar', 'panjang', 'a', 'Lawan kata besar adalah kecil', 5),
(484, 1, 'Bahasa Indonesia', 'Jumlah huruf vokal dalam alfabet adalah ...', 25, '3', '4', '5', '6', 'c', 'Huruf vokal ada 5: a, i, u, e, o', 5),
(485, 1, 'Bahasa Indonesia', 'Kata sapaan untuk orang tua laki-laki adalah ...', 25, 'Ibu', 'Ayah', 'Kakak', 'Adik', 'b', 'Ayah adalah sapaan untuk orang tua laki-laki', 5),
(486, 1, 'Bahasa Indonesia', 'Kalimat yang benar adalah ...', 25, 'Adik makan nasi', 'Makan adik nasi', 'Nasi makan adik', 'Adik nasi makan', 'a', 'Susunan yang benar: Adik makan nasi', 5),
(487, 1, 'Bahasa Indonesia', 'Huruf besar digunakan di awal ...', 25, 'Kata', 'Kalimat', 'Huruf', 'Angka', 'b', 'Huruf besar digunakan di awal kalimat', 5),
(488, 1, 'Bahasa Indonesia', 'Persamaan kata dari \"cantik\" adalah ...', 25, 'jelek', 'indah', 'buruk', 'kotor', 'b', 'Persamaan kata cantik adalah indah', 5),
(489, 1, 'Bahasa Indonesia', 'Kata tanya untuk menanyakan tempat adalah ...', 25, 'Apa', 'Siapa', 'Di mana', 'Kapan', 'c', 'Di mana untuk menanyakan tempat', 5),
(490, 1, 'Bahasa Indonesia', 'Akhir kalimat ditandai dengan tanda ...', 25, 'Koma', 'Titik', 'Seru', 'Tanya', 'b', 'Kalimat berita diakhiri tanda titik', 5),
(491, 1, 'Bahasa Indonesia', 'Kata ganti untuk diri sendiri adalah ...', 25, 'Dia', 'Kamu', 'Aku', 'Mereka', 'c', 'Aku adalah kata ganti untuk diri sendiri', 5),
(492, 1, 'Bahasa Indonesia', 'Lawan kata dari \"tinggi\" adalah ...', 25, 'rendah', 'besar', 'kecil', 'lebar', 'a', 'Lawan kata tinggi adalah rendah', 5),
(493, 1, 'Bahasa Indonesia', 'Kata tanya untuk menanyakan nama adalah ...', 25, 'Apa', 'Siapa', 'Di mana', 'Kapan', 'b', 'Siapa untuk menanyakan nama/orang', 5),
(494, 1, 'Bahasa Indonesia', 'Kata yang tepat: Kakak ... buku', 25, 'makan', 'minum', 'membaca', 'tidur', 'c', 'Kakak membaca buku adalah kalimat yang tepat', 5),
(495, 1, 'Bahasa Indonesia', 'Huruf vokal adalah ...', 25, 'a, b, c, d, e', 'a, i, u, e, o', 'b, c, d, f, g', 'h, j, k, l, m', 'b', 'Huruf vokal: a, i, u, e, o', 5),
(496, 1, 'Bahasa Indonesia', 'Kata sapaan untuk orang yang lebih tua adalah ...', 25, 'Kamu', 'Anda', 'Aku', 'Dia', 'b', 'Anda atau Bapak/Ibu untuk orang lebih tua', 5),
(497, 1, 'Bahasa Indonesia', 'Kalimat tanya diakhiri dengan tanda ...', 25, 'Titik', 'Koma', 'Tanya', 'Seru', 'c', 'Kalimat tanya diakhiri tanda tanya (?)', 5),
(498, 1, 'Bahasa Indonesia', 'Lawan kata dari \"senang\" adalah ...', 25, 'gembira', 'sedih', 'bahagia', 'suka', 'b', 'Lawan kata senang adalah sedih', 5),
(499, 1, 'Bahasa Indonesia', 'Kata tanya untuk menanyakan waktu adalah ...', 25, 'Apa', 'Siapa', 'Di mana', 'Kapan', 'd', 'Kapan untuk menanyakan waktu', 5),
(500, 1, 'Bahasa Indonesia', 'Nama hari pertama dalam seminggu adalah ...', 25, 'Senin', 'Minggu', 'Selasa', 'Rabu', 'a', 'Senin adalah hari pertama dalam seminggu', 5),
(501, 1, 'Bahasa Indonesia', 'Kata yang tepat: Ayah ... mobil', 26, 'makan', 'minum', 'mengendarai', 'membaca', 'c', 'Ayah mengendarai mobil adalah kalimat yang tepat', 5),
(502, 1, 'Bahasa Indonesia', 'Lawan kata dari \"panas\" adalah ...', 26, 'hangat', 'dingin', 'sejuk', 'lembab', 'b', 'Lawan kata panas adalah dingin', 5),
(503, 1, 'Bahasa Indonesia', 'Huruf konsonan adalah ...', 26, 'a, i, u, e, o', 'b, c, d, f, g', 'a, b, c, d, e', '1, 2, 3, 4, 5', 'b', 'Huruf konsonan adalah selain vokal', 5),
(504, 1, 'Bahasa Indonesia', 'Kata yang tepat: Adik ... susu', 26, 'makan', 'minum', 'membaca', 'menulis', 'b', 'Adik minum susu adalah kalimat yang tepat', 5),
(505, 1, 'Bahasa Indonesia', 'Nama orang ditulis dengan huruf ...', 26, 'Kecil semua', 'Besar semua', 'Besar di awal', 'Angka', 'c', 'Nama orang ditulis dengan huruf besar di awal', 5),
(506, 1, 'Bahasa Indonesia', 'Persamaan kata dari \"pandai\" adalah ...', 26, 'bodoh', 'pintar', 'malas', 'lambat', 'b', 'Persamaan kata pandai adalah pintar', 5),
(507, 1, 'Bahasa Indonesia', 'Kata tanya untuk menanyakan benda adalah ...', 26, 'Apa', 'Siapa', 'Di mana', 'Kapan', 'a', 'Apa untuk menanyakan benda', 5),
(508, 1, 'Bahasa Indonesia', 'Lawan kata dari \"rajin\" adalah ...', 26, 'pintar', 'malas', 'pandai', 'cerdas', 'b', 'Lawan kata rajin adalah malas', 5),
(509, 1, 'Bahasa Indonesia', 'Kata ganti untuk orang lain adalah ...', 26, 'Aku', 'Kamu', 'Dia', 'Saya', 'c', 'Dia adalah kata ganti orang lain', 5),
(510, 1, 'Bahasa Indonesia', 'Hari terakhir dalam seminggu adalah ...', 26, 'Senin', 'Minggu', 'Sabtu', 'Jumat', 'b', 'Minggu adalah hari terakhir dalam seminggu', 5),
(511, 1, 'Bahasa Indonesia', 'Kalimat perintah diakhiri dengan tanda ...', 26, 'Titik', 'Koma', 'Tanya', 'Seru', 'd', 'Kalimat perintah diakhiri tanda seru (!)', 5),
(512, 1, 'Bahasa Indonesia', 'Kata yang tepat: Nenek ... cerita', 26, 'makan', 'minum', 'bercerita', 'bermain', 'c', 'Nenek bercerita adalah kalimat yang tepat', 5),
(513, 1, 'Bahasa Indonesia', 'Lawan kata dari \"terang\" adalah ...', 26, 'gelap', 'cerah', 'siang', 'pagi', 'a', 'Lawan kata terang adalah gelap', 5),
(514, 1, 'Bahasa Indonesia', 'Jumlah hari dalam seminggu adalah ...', 26, '5 hari', '6 hari', '7 hari', '8 hari', 'c', 'Satu minggu ada 7 hari', 5),
(515, 1, 'Bahasa Indonesia', 'Kata sapaan untuk anak perempuan adalah ...', 26, 'Mas', 'Mbak', 'Pak', 'Bu', 'b', 'Mbak/Kakak untuk anak perempuan', 5),
(516, 1, 'Bahasa Indonesia', 'Persamaan kata dari \"bersih\" adalah ...', 26, 'kotor', 'cerah', 'murni', 'gelap', 'c', 'Persamaan kata bersih adalah murni/cerah', 5),
(517, 1, 'Bahasa Indonesia', 'Huruf terakhir dalam alfabet adalah ...', 26, 'X', 'Y', 'Z', 'W', 'c', 'Huruf terakhir alfabet adalah Z', 5),
(518, 1, 'Bahasa Indonesia', 'Kata yang tepat: Kakek ... koran', 26, 'makan', 'minum', 'membaca', 'bermain', 'c', 'Kakek membaca koran adalah kalimat yang tepat', 5),
(519, 1, 'Bahasa Indonesia', 'Lawan kata dari \"cepat\" adalah ...', 26, 'lambat', 'tinggi', 'rendah', 'besar', 'a', 'Lawan kata cepat adalah lambat', 5),
(520, 1, 'Bahasa Indonesia', 'Kata tanya untuk menanyakan alasan adalah ...', 26, 'Apa', 'Mengapa', 'Di mana', 'Kapan', 'b', 'Mengapa untuk menanyakan alasan', 5),
(521, 2, 'Bahasa Indonesia', 'Kalimat yang memiliki pola S-P-O adalah ...', 27, 'Di taman ada bunga', 'Adik makan roti', 'Cantik sekali', 'Hari ini cerah', 'b', 'Adik (S) makan (P) roti (O)', 5),
(522, 2, 'Bahasa Indonesia', 'Kata baku dari \"apotik\" adalah ...', 27, 'apotik', 'apotek', 'apotex', 'apotic', 'b', 'Kata baku adalah apotek', 5),
(523, 2, 'Bahasa Indonesia', 'Sinonim dari kata \"rajin\" adalah ...', 27, 'malas', 'tekun', 'lambat', 'cepat', 'b', 'Sinonim rajin adalah tekun', 5),
(524, 2, 'Bahasa Indonesia', 'Antonim dari kata \"berani\" adalah ...', 27, 'takut', 'kuat', 'gigih', 'tegas', 'a', 'Antonim berani adalah takut/penakut', 5),
(525, 2, 'Bahasa Indonesia', 'Jenis kalimat \"Tutup pintunya!\" adalah kalimat ...', 27, 'Berita', 'Tanya', 'Perintah', 'Seru', 'c', 'Kalimat perintah berisi perintah/suruhan', 5),
(526, 2, 'Bahasa Indonesia', 'Kata depan yang tepat: Ibu pergi ... pasar', 27, 'di', 'ke', 'dari', 'pada', 'b', 'Ibu pergi ke pasar (menunjukkan tujuan)', 5),
(527, 2, 'Bahasa Indonesia', 'Huruf kapital digunakan untuk ...', 27, 'Akhir kalimat', 'Nama orang', 'Tengah kalimat', 'Semua kata', 'b', 'Huruf kapital untuk nama orang dan awal kalimat', 5),
(528, 2, 'Bahasa Indonesia', 'Kata baku dari \"jaman\" adalah ...', 27, 'jaman', 'zaman', 'jamen', 'zamen', 'b', 'Kata baku adalah zaman', 5),
(529, 2, 'Bahasa Indonesia', 'Sinonim dari kata \"cantik\" adalah ...', 27, 'jelek', 'indah', 'buruk', 'kotor', 'b', 'Sinonim cantik adalah indah', 5),
(530, 2, 'Bahasa Indonesia', 'Kalimat tanya yang benar adalah ...', 27, 'Nama siapa kamu', 'Siapa nama kamu', 'Kamu nama siapa', 'Nama kamu siapa', 'b', 'Susunan yang benar: Siapa nama kamu?', 5),
(531, 2, 'Bahasa Indonesia', 'Kata ganti orang ketiga adalah ...', 27, 'Aku', 'Kamu', 'Dia', 'Kita', 'c', 'Dia/ia adalah kata ganti orang ketiga', 5),
(532, 2, 'Bahasa Indonesia', 'Antonim dari kata \"gelap\" adalah ...', 27, 'terang', 'hitam', 'suram', 'kelam', 'a', 'Antonim gelap adalah terang', 5),
(533, 2, 'Bahasa Indonesia', 'Kata baku dari \"nasehat\" adalah ...', 27, 'nasehat', 'nasihat', 'nasihet', 'nasehet', 'b', 'Kata baku adalah nasihat', 5),
(534, 2, 'Bahasa Indonesia', 'Tanda baca untuk mengakhiri kalimat berita adalah ...', 27, '!', '?', '.', ',', 'c', 'Kalimat berita diakhiri tanda titik (.)', 5),
(535, 2, 'Bahasa Indonesia', 'Sinonim dari kata \"senang\" adalah ...', 27, 'sedih', 'gembira', 'marah', 'kecewa', 'b', 'Sinonim senang adalah gembira', 5),
(536, 2, 'Bahasa Indonesia', 'Kata depan yang tepat: Kucing tidur ... bawah meja', 27, 'di', 'ke', 'dari', 'pada', 'a', 'Kucing tidur di bawah meja (menunjukkan tempat)', 5),
(537, 2, 'Bahasa Indonesia', 'Antonim dari kata \"murah\" adalah ...', 27, 'mahal', 'mulia', 'mudah', 'muda', 'a', 'Antonim murah adalah mahal', 5),
(538, 2, 'Bahasa Indonesia', 'Kata baku dari \"praktek\" adalah ...', 27, 'praktek', 'praktik', 'practik', 'practek', 'b', 'Kata baku adalah praktik', 5),
(539, 2, 'Bahasa Indonesia', 'Kalimat yang sopan untuk meminta sesuatu adalah ...', 27, 'Berikan itu!', 'Sini!', 'Tolong berikan', 'Ambilkan!', 'c', 'Tolong berikan adalah kalimat sopan', 5),
(540, 2, 'Bahasa Indonesia', 'Sinonim dari kata \"pintar\" adalah ...', 27, 'bodoh', 'cerdas', 'malas', 'lambat', 'b', 'Sinonim pintar adalah cerdas', 5),
(541, 2, 'Bahasa Indonesia', 'Kata baku dari \"sistim\" adalah ...', 28, 'sistim', 'sistem', 'systim', 'systhem', 'b', 'Kata baku adalah sistem', 5),
(542, 2, 'Bahasa Indonesia', 'Antonim dari kata \"panjang\" adalah ...', 28, 'lebar', 'tinggi', 'pendek', 'besar', 'c', 'Antonim panjang adalah pendek', 5),
(543, 2, 'Bahasa Indonesia', 'Kalimat yang menggunakan huruf kapital dengan benar adalah ...', 28, 'andi pergi ke jakarta', 'Andi pergi ke Jakarta', 'andi Pergi ke jakarta', 'ANDI PERGI KE JAKARTA', 'b', 'Nama orang dan tempat menggunakan huruf kapital', 5),
(544, 2, 'Bahasa Indonesia', 'Sinonim dari kata \"sakit\" adalah ...', 28, 'sehat', 'sembuh', 'penyakit', 'bugar', 'c', 'Sinonim sakit adalah penyakit/tidak sehat', 5),
(545, 2, 'Bahasa Indonesia', 'Kata depan yang tepat: Ayah pulang ... kantor', 28, 'di', 'ke', 'dari', 'pada', 'c', 'Ayah pulang dari kantor (menunjukkan asal)', 5),
(546, 2, 'Bahasa Indonesia', 'Kata baku dari \"aktip\" adalah ...', 28, 'aktip', 'aktif', 'active', 'actip', 'b', 'Kata baku adalah aktif', 5),
(547, 2, 'Bahasa Indonesia', 'Jenis kalimat \"Wah, indahnya!\" adalah kalimat ...', 28, 'Berita', 'Tanya', 'Perintah', 'Seru', 'd', 'Kalimat seru mengungkapkan perasaan kaget/kagum', 5),
(548, 2, 'Bahasa Indonesia', 'Antonim dari kata \"dekat\" adalah ...', 28, 'jauh', 'tinggi', 'rendah', 'lebar', 'a', 'Antonim dekat adalah jauh', 5),
(549, 2, 'Bahasa Indonesia', 'Sinonim dari kata \"lambat\" adalah ...', 28, 'cepat', 'pelan', 'gesit', 'lincah', 'b', 'Sinonim lambat adalah pelan', 5),
(550, 2, 'Bahasa Indonesia', 'Kata baku dari \"karir\" adalah ...', 28, 'karir', 'karier', 'carrier', 'karyer', 'b', 'Kata baku adalah karier', 5),
(551, 2, 'Bahasa Indonesia', 'Kata ganti orang pertama jamak adalah ...', 28, 'Aku', 'Kamu', 'Dia', 'Kami', 'd', 'Kami/kita adalah kata ganti orang pertama jamak', 5),
(552, 2, 'Bahasa Indonesia', 'Antonim dari kata \"kaya\" adalah ...', 28, 'miskin', 'kuat', 'pintar', 'baik', 'a', 'Antonim kaya adalah miskin', 5),
(553, 2, 'Bahasa Indonesia', 'Kalimat yang benar adalah ...', 28, 'Kakak membeli sayur di pasar', 'Kakak di pasar membeli sayur', 'Membeli kakak sayur di pasar', 'Di pasar sayur kakak membeli', 'a', 'Susunan S-P-O-K yang benar', 5),
(554, 2, 'Bahasa Indonesia', 'Sinonim dari kata \"besar\" adalah ...', 28, 'kecil', 'raksasa', 'mungil', 'mini', 'b', 'Sinonim besar adalah raksasa/bongsor', 5),
(555, 2, 'Bahasa Indonesia', 'Kata baku dari \"obyek\" adalah ...', 28, 'obyek', 'objek', 'object', 'obyek', 'b', 'Kata baku adalah objek', 5),
(556, 2, 'Bahasa Indonesia', 'Tanda baca untuk memisahkan unsur dalam kalimat adalah ...', 28, '!', '?', '.', ',', 'd', 'Tanda koma (,) untuk memisahkan unsur', 5),
(557, 2, 'Bahasa Indonesia', 'Antonim dari kata \"luas\" adalah ...', 28, 'sempit', 'besar', 'tinggi', 'panjang', 'a', 'Antonim luas adalah sempit', 5),
(558, 2, 'Bahasa Indonesia', 'Sinonim dari kata \"pandai\" adalah ...', 28, 'bodoh', 'cerdas', 'malas', 'lemah', 'b', 'Sinonim pandai adalah cerdas', 5),
(559, 2, 'Bahasa Indonesia', 'Kata baku dari \"ijin\" adalah ...', 28, 'ijin', 'izin', 'idzin', 'ijin', 'b', 'Kata baku adalah izin', 5),
(560, 2, 'Bahasa Indonesia', 'Kata depan yang tepat: Ibu pergi ... pasar', 28, 'di', 'ke', 'dari', 'pada', 'b', 'Ibu pergi ke pasar (menunjukkan tujuan)', 5),
(561, 3, 'Bahasa Indonesia', 'Kalimat yang menggunakan kata hubung \"tetapi\" adalah ...', 29, 'Andi rajin dan pintar', 'Andi rajin tetapi malas', 'Andi rajin karena pintar', 'Andi rajin supaya pintar', 'b', 'Kata hubung \"tetapi\" menyatakan pertentangan', 5),
(562, 3, 'Bahasa Indonesia', 'Jenis kata \"berlari\" adalah kata ...', 29, 'Benda', 'Kerja', 'Sifat', 'Bilangan', 'b', 'Berlari adalah kata kerja', 5),
(563, 3, 'Bahasa Indonesia', 'Kata baku dari \"standar\" adalah ...', 29, 'standart', 'standard', 'standar', 'stander', 'c', 'Kata baku adalah standar', 5),
(564, 3, 'Bahasa Indonesia', 'Ide pokok paragraf terdapat pada ...', 29, 'Kalimat penjelas', 'Kalimat utama', 'Kalimat penutup', 'Semua kalimat', 'b', 'Ide pokok terdapat pada kalimat utama', 5),
(565, 3, 'Bahasa Indonesia', 'Antonim dari kata \"optimis\" adalah ...', 29, 'percaya diri', 'pesimis', 'yakin', 'berani', 'b', 'Antonim optimis adalah pesimis', 5),
(566, 3, 'Bahasa Indonesia', 'Kata sambung yang menyatakan akibat adalah ...', 29, 'dan', 'tetapi', 'sehingga', 'atau', 'c', 'Kata sambung \"sehingga\" menyatakan akibat', 5),
(567, 3, 'Bahasa Indonesia', 'Jenis kata \"merah\" adalah kata ...', 29, 'Benda', 'Kerja', 'Sifat', 'Bilangan', 'c', 'Merah adalah kata sifat', 5),
(568, 3, 'Bahasa Indonesia', 'Sinonim dari kata \"terkenal\" adalah ...', 29, 'asing', 'populer', 'biasa', 'baru', 'b', 'Sinonim terkenal adalah populer', 5),
(569, 3, 'Bahasa Indonesia', 'Kalimat yang menggunakan awalan \"ber-\" dengan benar adalah ...', 29, 'Berlari cepat', 'Bermain bola', 'Berjalan kaki', 'Semua benar', 'd', 'Semua kata menggunakan awalan ber- dengan benar', 5),
(570, 3, 'Bahasa Indonesia', 'Kata baku dari \"atlit\" adalah ...', 29, 'atlit', 'atlet', 'athlete', 'athlit', 'b', 'Kata baku adalah atlet', 5),
(571, 3, 'Bahasa Indonesia', 'Imbuhan yang terdapat pada kata \"membaca\" adalah ...', 29, 'ber-', 'me-', 'di-', 'ter-', 'b', 'Kata membaca menggunakan imbuhan me-', 5),
(572, 3, 'Bahasa Indonesia', 'Antonim dari kata \"modern\" adalah ...', 29, 'baru', 'maju', 'kuno', 'canggih', 'c', 'Antonim modern adalah kuno', 5),
(573, 3, 'Bahasa Indonesia', 'Jenis kalimat berdasarkan jumlah klausa: \"Andi belajar dan Budi bermain\" adalah kalimat ...', 29, 'Tunggal', 'Majemuk setara', 'Majemuk bertingkat', 'Sederhana', 'b', 'Kalimat majemuk setara dihubungkan kata \"dan\"', 5),
(574, 3, 'Bahasa Indonesia', 'Sinonim dari kata \"mengumpulkan\" adalah ...', 29, 'menyebarkan', 'menghimpun', 'membuang', 'melempar', 'b', 'Sinonim mengumpulkan adalah menghimpun', 5),
(575, 3, 'Bahasa Indonesia', 'Kata baku dari \"hirarki\" adalah ...', 29, 'hirarki', 'hierarki', 'hirarkhi', 'hierarkhi', 'b', 'Kata baku adalah hierarki', 5),
(576, 3, 'Bahasa Indonesia', 'Kata yang tepat untuk melengkapi: Andi membeli buku ... toko', 29, 'di', 'ke', 'dari', 'pada', 'a', 'Membeli di toko (tempat berada)', 5),
(577, 3, 'Bahasa Indonesia', 'Antonim dari kata \"jujur\" adalah ...', 29, 'benar', 'bohong', 'adil', 'baik', 'b', 'Antonim jujur adalah bohong', 5),
(578, 3, 'Bahasa Indonesia', 'Jenis kata \"dua puluh\" adalah kata ...', 29, 'Benda', 'Kerja', 'Sifat', 'Bilangan', 'd', 'Dua puluh adalah kata bilangan', 5),
(579, 3, 'Bahasa Indonesia', 'Sinonim dari kata \"gigih\" adalah ...', 29, 'malas', 'lemah', 'ulet', 'cepat', 'c', 'Sinonim gigih adalah ulet', 5),
(580, 3, 'Bahasa Indonesia', 'Kata baku dari \"analisa\" adalah ...', 29, 'analisa', 'analisis', 'analize', 'analyse', 'b', 'Kata baku adalah analisis', 5),
(581, 3, 'Bahasa Indonesia', 'Kalimat majemuk bertingkat menggunakan kata hubung ...', 30, 'dan', 'atau', 'karena', 'lalu', 'c', 'Kata hubung \"karena\", \"jika\", \"meskipun\" untuk kalimat majemuk bertingkat', 5),
(582, 3, 'Bahasa Indonesia', 'Unsur intrinsik cerita meliputi ...', 30, 'Pengarang', 'Tema dan tokoh', 'Penerbit', 'Tahun terbit', 'b', 'Unsur intrinsik: tema, tokoh, alur, latar, amanat', 5),
(583, 3, 'Bahasa Indonesia', 'Kata baku dari \"metoda\" adalah ...', 30, 'metoda', 'metode', 'method', 'methode', 'b', 'Kata baku adalah metode', 5),
(584, 3, 'Bahasa Indonesia', 'Antonim dari kata \"aktif\" adalah ...', 30, 'rajin', 'pasif', 'giat', 'sibuk', 'b', 'Antonim aktif adalah pasif', 5),
(585, 3, 'Bahasa Indonesia', 'Sinonim dari kata \"meneliti\" adalah ...', 30, 'melihat', 'mengamati', 'mengabaikan', 'melupakan', 'b', 'Sinonim meneliti adalah mengamati', 5),
(586, 3, 'Bahasa Indonesia', 'Pantun anak-anak terdiri dari ... baris', 30, '2 baris', '3 baris', '4 baris', '5 baris', 'c', 'Pantun terdiri dari 4 baris', 5),
(587, 3, 'Bahasa Indonesia', 'Kata baku dari \"tehnik\" adalah ...', 30, 'tehnik', 'teknik', 'technic', 'technique', 'b', 'Kata baku adalah teknik', 5),
(588, 3, 'Bahasa Indonesia', 'Imbuhan yang terdapat pada kata \"dibaca\" adalah ...', 30, 'ber-', 'me-', 'di-', 'ter-', 'c', 'Kata dibaca menggunakan imbuhan di-', 5),
(589, 3, 'Bahasa Indonesia', 'Antonim dari kata \"semangat\" adalah ...', 30, 'giat', 'rajin', 'lesu', 'aktif', 'c', 'Antonim semangat adalah lesu', 5),
(590, 3, 'Bahasa Indonesia', 'Bagian pantun yang berisi isi/maksud adalah ...', 30, 'Baris 1 dan 2', 'Baris 3 dan 4', 'Baris 1 dan 3', 'Baris 2 dan 4', 'b', 'Baris 3 dan 4 berisi isi pantun', 5),
(591, 3, 'Bahasa Indonesia', 'Sinonim dari kata \"membantu\" adalah ...', 30, 'menghalangi', 'menolong', 'mengganggu', 'menolak', 'b', 'Sinonim membantu adalah menolong', 5),
(592, 3, 'Bahasa Indonesia', 'Kata baku dari \"kwalitas\" adalah ...', 30, 'kwalitas', 'kualitas', 'quality', 'qualitas', 'b', 'Kata baku adalah kualitas', 5),
(593, 3, 'Bahasa Indonesia', 'Tokoh yang memiliki watak baik disebut ...', 30, 'Tokoh antagonis', 'Tokoh protagonis', 'Tokoh tritagonis', 'Tokoh figuran', 'b', 'Tokoh protagonis berwatak baik', 5),
(594, 3, 'Bahasa Indonesia', 'Antonim dari kata \"sombong\" adalah ...', 30, 'angkuh', 'rendah hati', 'bangga', 'percaya diri', 'b', 'Antonim sombong adalah rendah hati', 5),
(595, 3, 'Bahasa Indonesia', 'Kata yang tepat: Andi pergi ... rumah nenek', 30, 'di', 'ke', 'dari', 'pada', 'b', 'Pergi ke rumah nenek (menunjukkan tujuan)', 5),
(596, 3, 'Bahasa Indonesia', 'Sinonim dari kata \"menghemat\" adalah ...', 30, 'boros', 'berhemat', 'menyimpan', 'membuang', 'c', 'Sinonim menghemat adalah menyimpan', 5),
(597, 3, 'Bahasa Indonesia', 'Kata baku dari \"propinsi\" adalah ...', 30, 'propinsi', 'provinsi', 'province', 'provinci', 'b', 'Kata baku adalah provinsi', 5),
(598, 3, 'Bahasa Indonesia', 'Peribahasa \"seperti api dalam sekam\" artinya ...', 30, 'Sangat panas', 'Bahaya tersembunyi', 'Mudah marah', 'Cepat padam', 'b', 'Artinya bahaya yang tersembunyi', 5),
(599, 3, 'Bahasa Indonesia', 'Antonim dari kata \"hemat\" adalah ...', 30, 'irit', 'boros', 'sederhana', 'murah', 'b', 'Antonim hemat adalah boros', 5),
(600, 3, 'Bahasa Indonesia', 'Bagian cerita yang berisi penyelesaian masalah adalah ...', 30, 'Pengenalan', 'Konflik', 'Klimaks', 'Penyelesaian', 'd', 'Bagian penyelesaian berisi solusi masalah', 5),
(601, 4, 'Bahasa Indonesia', 'Jenis paragraf berdasarkan letak kalimat utama di awal disebut paragraf ...', 31, 'Deduktif', 'Induktif', 'Campuran', 'Naratif', 'a', 'Paragraf deduktif: kalimat utama di awal', 5),
(602, 4, 'Bahasa Indonesia', 'Kata baku dari \"frekwensi\" adalah ...', 31, 'frekwensi', 'frekuensi', 'frequency', 'frequensi', 'b', 'Kata baku adalah frekuensi', 5),
(603, 4, 'Bahasa Indonesia', 'Majas perbandingan yang menggunakan kata \"seperti\" atau \"bagai\" disebut ...', 31, 'Metafora', 'Simile', 'Personifikasi', 'Hiperbola', 'b', 'Simile menggunakan kata pembanding seperti/bagai', 5),
(604, 4, 'Bahasa Indonesia', 'Antonim dari kata \"keberhasilan\" adalah ...', 31, 'kesuksesan', 'kegagalan', 'kemenangan', 'kejayaan', 'b', 'Antonim keberhasilan adalah kegagalan', 5),
(605, 4, 'Bahasa Indonesia', 'Jenis karangan yang menceritakan pengalaman adalah ...', 31, 'Deskripsi', 'Narasi', 'Eksposisi', 'Argumentasi', 'b', 'Narasi menceritakan peristiwa/pengalaman', 5),
(606, 4, 'Bahasa Indonesia', 'Sinonim dari kata \"kompleks\" adalah ...', 31, 'sederhana', 'rumit', 'mudah', 'singkat', 'b', 'Sinonim kompleks adalah rumit', 5),
(607, 4, 'Bahasa Indonesia', 'Kata baku dari \"kwitansi\" adalah ...', 31, 'kwitansi', 'kuitansi', 'kwintansi', 'kuitansie', 'b', 'Kata baku adalah kuitansi', 5),
(608, 4, 'Bahasa Indonesia', 'Imbuhan yang bermakna \"membuat jadi\" adalah ...', 31, 'ber-', 'me-', 'me-kan', 'di-', 'c', 'Imbuhan me-kan bermakna membuat jadi', 5),
(609, 4, 'Bahasa Indonesia', 'Antonim dari kata \"produktif\" adalah ...', 31, 'aktif', 'tidak produktif', 'rajin', 'giat', 'b', 'Antonim produktif adalah tidak produktif', 5),
(610, 4, 'Bahasa Indonesia', 'Jenis paragraf berdasarkan letak kalimat utama di akhir disebut paragraf ...', 31, 'Deduktif', 'Induktif', 'Campuran', 'Naratif', 'b', 'Paragraf induktif: kalimat utama di akhir', 5),
(611, 4, 'Bahasa Indonesia', 'Sinonim dari kata \"transparan\" adalah ...', 31, 'buram', 'gelap', 'tembus pandang', 'keruh', 'c', 'Sinonim transparan adalah tembus pandang', 5),
(612, 4, 'Bahasa Indonesia', 'Kata baku dari \"nomor\" adalah ...', 31, 'nomer', 'nomor', 'number', 'nomer', 'b', 'Kata baku adalah nomor', 5),
(613, 4, 'Bahasa Indonesia', 'Majas yang mengandung perbandingan tanpa kata pembanding disebut ...', 31, 'Metafora', 'Simile', 'Personifikasi', 'Hiperbola', 'a', 'Metafora adalah perbandingan tanpa kata penghubung', 5),
(614, 4, 'Bahasa Indonesia', 'Antonim dari kata \"konsentrasi\" adalah ...', 31, 'fokus', 'perhatian', 'lalai', 'teliti', 'c', 'Antonim konsentrasi adalah lalai', 5),
(615, 4, 'Bahasa Indonesia', 'Jenis karangan yang melukiskan/menggambarkan sesuatu disebut ...', 31, 'Deskripsi', 'Narasi', 'Eksposisi', 'Argumentasi', 'a', 'Deskripsi melukiskan objek dengan kata-kata', 5),
(616, 4, 'Bahasa Indonesia', 'Sinonim dari kata \"melestarikan\" adalah ...', 31, 'merusak', 'membuang', 'memelihara', 'menghancurkan', 'c', 'Sinonim melestarikan adalah memelihara', 5),
(617, 4, 'Bahasa Indonesia', 'Kata baku dari \"survey\" adalah ...', 31, 'survey', 'survei', 'survay', 'survay', 'b', 'Kata baku adalah survei', 5),
(618, 4, 'Bahasa Indonesia', 'Peribahasa \"berakit-rakit ke hulu, berenang-renang ke tepian\" artinya ...', 31, 'Suka bepergian', 'Senang bermain air', 'Bekerja keras dulu, bersenang kemudian', 'Pandai berenang', 'c', 'Artinya berusaha keras dulu baru bersenang-senang', 5),
(619, 4, 'Bahasa Indonesia', 'Antonim dari kata \"stabil\" adalah ...', 31, 'tetap', 'mantap', 'labil', 'kuat', 'c', 'Antonim stabil adalah labil', 5),
(620, 4, 'Bahasa Indonesia', 'Kalimat yang menggunakan konjungsi \"meskipun\" adalah kalimat ...', 31, 'Syarat', 'Tujuan', 'Pertentangan', 'Sebab', 'c', 'Konjungsi \"meskipun\" menyatakan pertentangan', 5),
(621, 4, 'Bahasa Indonesia', 'Kata baku dari \"diagnosa\" adalah ...', 32, 'diagnosa', 'diagnosis', 'diagnose', 'diagnoze', 'b', 'Kata baku adalah diagnosis', 5),
(622, 4, 'Bahasa Indonesia', 'Majas yang memberikan sifat manusia kepada benda mati disebut ...', 32, 'Metafora', 'Simile', 'Personifikasi', 'Hiperbola', 'c', 'Personifikasi memanusiakan benda mati', 5),
(623, 4, 'Bahasa Indonesia', 'Antonim dari kata \"konkret\" adalah ...', 32, 'nyata', 'jelas', 'abstrak', 'pasti', 'c', 'Antonim konkret adalah abstrak', 5),
(624, 4, 'Bahasa Indonesia', 'Puisi yang terdiri dari 4 bait dengan setiap bait 4 baris disebut ...', 32, 'Pantun', 'Syair', 'Soneta', 'Gurindam', 'b', 'Syair terdiri dari 4 bait, tiap bait 4 baris', 5),
(625, 4, 'Bahasa Indonesia', 'Sinonim dari kata \"menyimpulkan\" adalah ...', 32, 'meragukan', 'menafsirkan', 'merangkum', 'melupakan', 'c', 'Sinonim menyimpulkan adalah merangkum', 5),
(626, 4, 'Bahasa Indonesia', 'Kata baku dari \"khasiat\" adalah ...', 32, 'kasiat', 'khasiat', 'khasiat', 'kasyat', 'b', 'Kata baku adalah khasiat', 5),
(627, 4, 'Bahasa Indonesia', 'Paragraf yang kalimat utama di awal dan akhir disebut paragraf ...', 32, 'Deduktif', 'Induktif', 'Campuran', 'Naratif', 'c', 'Paragraf campuran: kalimat utama di awal dan akhir', 5),
(628, 4, 'Bahasa Indonesia', 'Antonim dari kata \"keteraturan\" adalah ...', 32, 'ketertiban', 'kedisiplinan', 'kekacauan', 'kesopanan', 'c', 'Antonim keteraturan adalah kekacauan', 5),
(629, 4, 'Bahasa Indonesia', 'Majas yang berisi pernyataan berlebihan disebut ...', 32, 'Metafora', 'Simile', 'Personifikasi', 'Hiperbola', 'd', 'Hiperbola adalah pernyataan berlebihan', 5),
(630, 4, 'Bahasa Indonesia', 'Sinonim dari kata \"mengidentifikasi\" adalah ...', 32, 'mengabaikan', 'menentukan', 'melupakan', 'menghindari', 'b', 'Sinonim mengidentifikasi adalah menentukan', 5),
(631, 4, 'Bahasa Indonesia', 'Kata baku dari \"resiko\" adalah ...', 32, 'resiko', 'risiko', 'ris iko', 'resikoResiko', 'b', 'Kata baku adalah risiko', 5),
(632, 4, 'Bahasa Indonesia', 'Jenis karangan yang bertujuan meyakinkan pembaca adalah ...', 32, 'Deskripsi', 'Narasi', 'Eksposisi', 'Argumentasi', 'd', 'Argumentasi bertujuan meyakinkan pembaca', 5),
(633, 4, 'Bahasa Indonesia', 'Antonim dari kata \"efisien\" adalah ...', 32, 'hemat', 'tepat guna', 'boros', 'cepat', 'c', 'Antonim efisien adalah boros/tidak efisien', 5),
(634, 4, 'Bahasa Indonesia', 'Iklan yang bertujuan mengajak membeli produk disebut iklan ...', 32, 'Layanan masyarakat', 'Komersial', 'Pendidikan', 'Kesehatan', 'b', 'Iklan komersial untuk menjual produk', 5),
(635, 4, 'Bahasa Indonesia', 'Sinonim dari kata \"signifikan\" adalah ...', 32, 'tidak penting', 'berarti', 'kecil', 'ringan', 'b', 'Sinonim signifikan adalah berarti/penting', 5),
(636, 4, 'Bahasa Indonesia', 'Kata baku dari \"hypothesa\" adalah ...', 32, 'hypothesa', 'hipotesa', 'hipotesis', 'hipothesis', 'c', 'Kata baku adalah hipotesis', 5),
(637, 4, 'Bahasa Indonesia', 'Peribahasa \"tong kosong nyaring bunyinya\" artinya ...', 32, 'Tong yang kuat', 'Orang yang banyak bicara tapi tidak berilmu', 'Suara yang keras', 'Wadah yang bagus', 'b', 'Artinya orang banyak bicara tapi kosong ilmu', 5),
(638, 4, 'Bahasa Indonesia', 'Antonim dari kata \"fleksibel\" adalah ...', 32, 'luwes', 'lentur', 'kaku', 'mudah', 'c', 'Antonim fleksibel adalah kaku', 5),
(639, 4, 'Bahasa Indonesia', 'Unsur surat resmi yang berisi maksud surat adalah ...', 32, 'Kepala surat', 'Isi surat', 'Lampiran', 'Salam penutup', 'b', 'Isi surat berisi maksud/tujuan surat', 5),
(640, 4, 'Bahasa Indonesia', 'Sinonim dari kata \"menganalisis\" adalah ...', 32, 'mengabaikan', 'menguraikan', 'menolak', 'menghindari', 'b', 'Sinonim menganalisis adalah menguraikan/menelaah', 5),
(641, 5, 'Bahasa Indonesia', 'Kata baku dari \"ekstrim\" adalah ...', 33, 'ekstrim', 'ekstrem', 'extreme', 'extrem', 'b', 'Kata baku adalah ekstrem', 5),
(642, 5, 'Bahasa Indonesia', 'Teks yang menyajikan informasi secara objektif disebut teks ...', 33, 'Narasi', 'Deskripsi', 'Eksplanasi', 'Persuasi', 'c', 'Teks eksplanasi menjelaskan proses terjadinya sesuatu', 5),
(643, 5, 'Bahasa Indonesia', 'Antonim dari kata \"deduktif\" adalah ...', 33, 'khusus', 'induktif', 'umum', 'abstrak', 'b', 'Antonim deduktif adalah induktif', 5),
(644, 5, 'Bahasa Indonesia', 'Konjungsi yang menyatakan waktu adalah ...', 33, 'dan', 'tetapi', 'ketika', 'karena', 'c', 'Konjungsi \"ketika\", \"saat\", \"sewaktu\" menyatakan waktu', 5),
(645, 5, 'Bahasa Indonesia', 'Sinonim dari kata \"fundamental\" adalah ...', 33, 'tambahan', 'mendasar', 'sepele', 'sementara', 'b', 'Sinonim fundamental adalah mendasar', 5),
(646, 5, 'Bahasa Indonesia', 'Kata baku dari \"kwantitas\" adalah ...', 33, 'kwantitas', 'kuantitas', 'quantity', 'quantitas', 'b', 'Kata baku adalah kuantitas', 5),
(647, 5, 'Bahasa Indonesia', 'Teks yang bertujuan mempengaruhi pembaca disebut teks ...', 33, 'Narasi', 'Deskripsi', 'Eksposisi', 'Persuasi', 'd', 'Teks persuasi bertujuan mempengaruhi/membujuk', 5),
(648, 5, 'Bahasa Indonesia', 'Antonim dari kata \"implisit\" adalah ...', 33, 'tersembunyi', 'tersirat', 'eksplisit', 'rahasia', 'c', 'Antonim implisit adalah eksplisit', 5),
(649, 5, 'Bahasa Indonesia', 'Kata ulang yang mengalami perubahan bunyi disebut kata ulang ...', 33, 'Berimbuhan', 'Sebagian', 'Berubah bunyi', 'Seluruh', 'c', 'Contoh: sayur-mayur, bolak-balik', 5),
(650, 5, 'Bahasa Indonesia', 'Sinonim dari kata \"kontradiksi\" adalah ...', 33, 'persamaan', 'pertentangan', 'persetujuan', 'keselarasan', 'b', 'Sinonim kontradiksi adalah pertentangan', 5),
(651, 5, 'Bahasa Indonesia', 'Kata baku dari \"jadual\" adalah ...', 33, 'jadual', 'jadwal', 'schedule', 'jadwall', 'b', 'Kata baku adalah jadwal', 5),
(652, 5, 'Bahasa Indonesia', 'Bagian teks eksplanasi yang berisi kesimpulan disebut ...', 33, 'Pernyataan umum', 'Deretan penjelas', 'Interpretasi', 'Orientasi', 'c', 'Bagian interpretasi berisi kesimpulan/penutup', 5),
(653, 5, 'Bahasa Indonesia', 'Antonim dari kata \"objektif\" adalah ...', 33, 'adil', 'netral', 'subjektif', 'jujur', 'c', 'Antonim objektif adalah subjektif', 5),
(654, 5, 'Bahasa Indonesia', 'Iklan elektronik dapat ditemui di ...', 33, 'Koran', 'Majalah', 'Televisi', 'Papan reklame', 'c', 'Iklan elektronik di TV, radio, internet', 5),
(655, 5, 'Bahasa Indonesia', 'Sinonim dari kata \"kompatibel\" adalah ...', 33, 'berbeda', 'cocok', 'bertentangan', 'berlawanan', 'b', 'Sinonim kompatibel adalah cocok/sesuai', 5),
(656, 5, 'Bahasa Indonesia', 'Kata baku dari \"kwantum\" adalah ...', 33, 'kwantum', 'kuantum', 'quantum', 'quantom', 'b', 'Kata baku adalah kuantum', 5),
(657, 5, 'Bahasa Indonesia', 'Kalimat yang menggunakan kata ganti penunjuk \"ini\" dan \"itu\" adalah kalimat ...', 33, 'Simpleks', 'Kompleks', 'Definisi', 'Deskripsi', 'c', 'Kalimat definisi menggunakan kata penunjuk', 5),
(658, 5, 'Bahasa Indonesia', 'Antonim dari kata \"progresif\" adalah ...', 33, 'maju', 'berkembang', 'regresif', 'dinamis', 'c', 'Antonim progresif adalah regresif/mundur', 5),
(659, 5, 'Bahasa Indonesia', 'Peribahasa \"air beriak tanda tak dalam\" artinya ...', 33, 'Air yang dangkal', 'Orang berilmu tidak sombong', 'Air yang tenang', 'Orang yang sombong', 'b', 'Artinya orang berilmu biasanya rendah hati', 5),
(660, 5, 'Bahasa Indonesia', 'Sinonim dari kata \"esensial\" adalah ...', 33, 'tidak penting', 'penting', 'tambahan', 'sementara', 'b', 'Sinonim esensial adalah penting/pokok', 5),
(661, 5, 'Bahasa Indonesia', 'Kata baku dari \"kongkrit\" adalah ...', 34, 'kongkrit', 'konkret', 'concrete', 'concret', 'b', 'Kata baku adalah konkret', 5),
(662, 5, 'Bahasa Indonesia', 'Teks yang menceritakan kehidupan seseorang disebut teks ...', 34, 'Narasi', 'Biografi', 'Eksposisi', 'Deskripsi', 'b', 'Teks biografi menceritakan riwayat hidup seseorang', 5),
(663, 5, 'Bahasa Indonesia', 'Antonim dari kata \"kontemporer\" adalah ...', 34, 'modern', 'masa kini', 'kuno', 'terkini', 'c', 'Antonim kontemporer adalah kuno/klasik', 5),
(664, 5, 'Bahasa Indonesia', 'Konjungsi kausalitas menunjukkan hubungan ...', 34, 'Waktu', 'Sebab-akibat', 'Pertentangan', 'Tujuan', 'b', 'Konjungsi kausalitas: karena, sebab, sehingga', 5),
(665, 5, 'Bahasa Indonesia', 'Sinonim dari kata \"otonom\" adalah ...', 34, 'bergantung', 'mandiri', 'terikat', 'lemah', 'b', 'Sinonim otonom adalah mandiri/independen', 5),
(666, 5, 'Bahasa Indonesia', 'Kata baku dari \"teladan\" adalah ...', 34, 'tauladan', 'teladan', 'teladhan', 'tauladan', 'b', 'Kata baku adalah teladan', 5),
(667, 5, 'Bahasa Indonesia', 'Unsur berita yang menjelaskan \"bagaimana\" peristiwa terjadi adalah ...', 34, 'What', 'Who', 'How', 'Why', 'c', 'How (bagaimana) menjelaskan cara terjadinya', 5),
(668, 5, 'Bahasa Indonesia', 'Antonim dari kata \"mayoritas\" adalah ...', 34, 'sebagian besar', 'banyak', 'minoritas', 'umum', 'c', 'Antonim mayoritas adalah minoritas', 5);
INSERT INTO `soal` (`id`, `kelas`, `mata_pelajaran`, `soal`, `paket_soal`, `pilihan_a`, `pilihan_b`, `pilihan_c`, `pilihan_d`, `jawaban_benar`, `pembahasan`, `bobot`) VALUES
(669, 5, 'Bahasa Indonesia', 'Kata majemuk adalah ...', 34, 'Satu kata', 'Gabungan dua kata atau lebih', 'Kata ulang', 'Kata berimbuhan', 'b', 'Kata majemuk: gabungan dua kata/lebih, contoh: orang tua', 5),
(670, 5, 'Bahasa Indonesia', 'Sinonim dari kata \"skeptis\" adalah ...', 34, 'yakin', 'percaya', 'ragu-ragu', 'optimis', 'c', 'Sinonim skeptis adalah ragu-ragu/tidak percaya', 5),
(671, 5, 'Bahasa Indonesia', 'Kata baku dari \"obat\" adalah ...', 34, 'ubat', 'obat', 'ubad', 'obad', 'b', 'Kata baku adalah obat', 5),
(672, 5, 'Bahasa Indonesia', 'Kalimat langsung ditandai dengan penggunaan ...', 34, 'Koma', 'Titik', 'Tanda petik', 'Titik dua', 'c', 'Kalimat langsung menggunakan tanda petik (\"...\")', 5),
(673, 5, 'Bahasa Indonesia', 'Antonim dari kata \"rasional\" adalah ...', 34, 'logis', 'masuk akal', 'irasional', 'wajar', 'c', 'Antonim rasional adalah irasional', 5),
(674, 5, 'Bahasa Indonesia', 'Jenis pantun yang berisi nasihat disebut pantun ...', 34, 'Jenaka', 'Nasihat', 'Teka-teki', 'Kiasan', 'b', 'Pantun nasihat berisi petuah/nasihat', 5),
(675, 5, 'Bahasa Indonesia', 'Sinonim dari kata \"akurat\" adalah ...', 34, 'salah', 'tepat', 'keliru', 'kira-kira', 'b', 'Sinonim akurat adalah tepat/teliti', 5),
(676, 5, 'Bahasa Indonesia', 'Kata baku dari \"nopember\" adalah ...', 34, 'nopember', 'november', 'November', 'nopemper', 'b', 'Kata baku adalah november', 5),
(677, 5, 'Bahasa Indonesia', 'Teks yang menjelaskan proses terjadinya sesuatu disebut teks ...', 34, 'Narasi', 'Deskripsi', 'Prosedur', 'Eksplanasi', 'd', 'Teks eksplanasi menjelaskan fenomena alam/sosial', 5),
(678, 5, 'Bahasa Indonesia', 'Antonim dari kata \"literal\" adalah ...', 34, 'harfiah', 'sebenarnya', 'kiasan', 'nyata', 'c', 'Antonim literal adalah kiasan/majas', 5),
(679, 5, 'Bahasa Indonesia', 'Peribahasa \"berat sama dipikul, ringan sama dijinjing\" artinya ...', 34, 'Berat beban', 'Gotong royong', 'Membawa barang', 'Bekerja sendiri', 'b', 'Artinya bekerja sama/gotong royong', 5),
(680, 5, 'Bahasa Indonesia', 'Sinonim dari kata \"valid\" adalah ...', 34, 'salah', 'sah', 'palsu', 'ragu', 'b', 'Sinonim valid adalah sah/benar', 5),
(681, 6, 'Bahasa Indonesia', 'Kata baku dari \"definisi\" adalah ...', 35, 'difinisi', 'definisi', 'defenisi', 'dipinisi', 'b', 'Kata baku adalah definisi', 5),
(682, 6, 'Bahasa Indonesia', 'Teks yang berisi laporan hasil pengamatan disebut teks ...', 35, 'Narasi', 'Laporan', 'Eksposisi', 'Diskusi', 'b', 'Teks laporan hasil observasi berisi pengamatan', 5),
(683, 6, 'Bahasa Indonesia', 'Antonim dari kata \"efektif\" adalah ...', 35, 'berhasil guna', 'tepat guna', 'tidak efektif', 'berguna', 'c', 'Antonim efektif adalah tidak efektif', 5),
(684, 6, 'Bahasa Indonesia', 'Kalimat yang menyatakan sebab-akibat menggunakan konjungsi ...', 35, 'dan', 'atau', 'sehingga', 'lalu', 'c', 'Konjungsi sebab-akibat: karena, sehingga, akibatnya', 5),
(685, 6, 'Bahasa Indonesia', 'Sinonim dari kata \"sistematis\" adalah ...', 35, 'acak', 'teratur', 'berantakan', 'sembarangan', 'b', 'Sinonim sistematis adalah teratur/berurutan', 5),
(686, 6, 'Bahasa Indonesia', 'Kata baku dari \"ijazah\" adalah ...', 35, 'ijasah', 'ijazah', 'azah', 'izajah', 'b', 'Kata baku adalah ijazah', 5),
(687, 6, 'Bahasa Indonesia', 'Struktur teks pidato yang berisi pokok masalah disebut ...', 35, 'Pembukaan', 'Isi', 'Penutup', 'Salam', 'b', 'Bagian isi berisi pokok masalah/gagasan', 5),
(688, 6, 'Bahasa Indonesia', 'Antonim dari kata \"dominan\" adalah ...', 35, 'utama', 'berkuasa', 'lemah', 'kuat', 'c', 'Antonim dominan adalah lemah/tidak dominan', 5),
(689, 6, 'Bahasa Indonesia', 'Kata serapan dari bahasa Inggris \"technology\" menjadi ...', 35, 'tekhnologi', 'teknologi', 'technologi', 'tekonologi', 'b', 'Kata serapan yang benar adalah teknologi', 5),
(690, 6, 'Bahasa Indonesia', 'Sinonim dari kata \"realistis\" adalah ...', 35, 'khayalan', 'nyata', 'mimpi', 'imajiner', 'b', 'Sinonim realistis adalah nyata/masuk akal', 5),
(691, 6, 'Bahasa Indonesia', 'Kata baku dari \"standard\" adalah ...', 35, 'standart', 'standard', 'standar', 'stander', 'c', 'Kata baku adalah standar', 5),
(692, 6, 'Bahasa Indonesia', 'Teks yang berisi ajakan atau bujukan disebut teks ...', 35, 'Narasi', 'Persuasi', 'Deskripsi', 'Eksposisi', 'b', 'Teks persuasi berisi ajakan/bujukan', 5),
(693, 6, 'Bahasa Indonesia', 'Antonim dari kata \"universal\" adalah ...', 35, 'umum', 'menyeluruh', 'khusus', 'luas', 'c', 'Antonim universal adalah khusus/partikular', 5),
(694, 6, 'Bahasa Indonesia', 'Majas yang melebih-lebihkan disebut majas ...', 35, 'Metafora', 'Simile', 'Personifikasi', 'Hiperbola', 'd', 'Hiperbola adalah majas yang melebih-lebihkan', 5),
(695, 6, 'Bahasa Indonesia', 'Sinonim dari kata \"optimal\" adalah ...', 35, 'minimal', 'terbaik', 'terburuk', 'kurang', 'b', 'Sinonim optimal adalah terbaik/maksimal', 5),
(696, 6, 'Bahasa Indonesia', 'Kata baku dari \"ektrim\" adalah ...', 35, 'ektrim', 'ekstrim', 'ekstrem', 'extrim', 'c', 'Kata baku adalah ekstrem', 5),
(697, 6, 'Bahasa Indonesia', 'Unsur intrinsik karya sastra mencakup ...', 35, 'Pengarang', 'Tema dan amanat', 'Penerbit', 'Tahun terbit', 'b', 'Unsur intrinsik: tema, tokoh, alur, latar, amanat', 5),
(698, 6, 'Bahasa Indonesia', 'Antonim dari kata \"konvensional\" adalah ...', 35, 'tradisional', 'biasa', 'modern', 'lama', 'c', 'Antonim konvensional adalah modern/tidak lazim', 5),
(699, 6, 'Bahasa Indonesia', 'Peribahasa \"gajah mati meninggalkan gading, harimau mati meninggalkan belang\" artinya ...', 35, 'Hewan yang mati', 'Orang baik meninggalkan jasa', 'Berburu binatang', 'Kematian pasti', 'b', 'Artinya orang baik meninggalkan kenangan/jasa', 5),
(700, 6, 'Bahasa Indonesia', 'Sinonim dari kata \"kredibel\" adalah ...', 35, 'meragukan', 'dapat dipercaya', 'bohong', 'palsu', 'b', 'Sinonim kredibel adalah dapat dipercaya', 5),
(701, 6, 'Bahasa Indonesia', 'Kata baku dari \"fiktip\" adalah ...', 36, 'fiktip', 'fiktif', 'fictive', 'fiksip', 'b', 'Kata baku adalah fiktif', 5),
(702, 6, 'Bahasa Indonesia', 'Teks yang menyajikan dua pendapat berbeda disebut teks ...', 36, 'Narasi', 'Diskusi', 'Eksposisi', 'Deskripsi', 'b', 'Teks diskusi menyajikan pro dan kontra', 5),
(703, 6, 'Bahasa Indonesia', 'Antonim dari kata \"transformasi\" adalah ...', 36, 'perubahan', 'perkembangan', 'stagnasi', 'kemajuan', 'c', 'Antonim transformasi adalah stagnasi/tidak berubah', 5),
(704, 6, 'Bahasa Indonesia', 'Kalimat tidak langsung menggunakan kata penghubung ...', 36, 'dia', 'bahwa', 'aku', 'kamu', 'b', 'Kalimat tidak langsung menggunakan kata \"bahwa\"', 5),
(705, 6, 'Bahasa Indonesia', 'Sinonim dari kata \"komprehensif\" adalah ...', 36, 'sempit', 'terbatas', 'menyeluruh', 'sebagian', 'c', 'Sinonim komprehensif adalah menyeluruh/lengkap', 5),
(706, 6, 'Bahasa Indonesia', 'Kata baku dari \"formil\" adalah ...', 36, 'formil', 'formal', 'formaal', 'formiel', 'b', 'Kata baku adalah formal', 5),
(707, 6, 'Bahasa Indonesia', 'Paragraf argumentasi bertujuan untuk ...', 36, 'Menceritakan', 'Menggambarkan', 'Meyakinkan', 'Menjelaskan', 'c', 'Argumentasi bertujuan meyakinkan pembaca', 5),
(708, 6, 'Bahasa Indonesia', 'Antonim dari kata \"relatif\" adalah ...', 36, 'nisbi', 'tidak tetap', 'mutlak', 'berubah', 'c', 'Antonim relatif adalah mutlak/absolut', 5),
(709, 6, 'Bahasa Indonesia', 'Unsur ekstrinsik karya sastra mencakup ...', 36, 'Tema', 'Latar belakang pengarang', 'Tokoh', 'Alur', 'b', 'Unsur ekstrinsik: biografi pengarang, kondisi sosial', 5),
(710, 6, 'Bahasa Indonesia', 'Sinonim dari kata \"konsisten\" adalah ...', 36, 'berubah-ubah', 'tetap', 'tidak tentu', 'ragu', 'b', 'Sinonim konsisten adalah tetap/ajeg', 5),
(711, 6, 'Bahasa Indonesia', 'Kata baku dari \"februari\" adalah ...', 36, 'pebruari', 'februari', 'Februari', 'febuari', 'b', 'Kata baku adalah februari', 5),
(712, 6, 'Bahasa Indonesia', 'Teks ulasan berisi ...', 36, 'Cerita', 'Penilaian karya', 'Penjelasan', 'Ajakan', 'b', 'Teks ulasan berisi penilaian/review karya', 5),
(713, 6, 'Bahasa Indonesia', 'Antonim dari kata \"harmonis\" adalah ...', 36, 'selaras', 'rukun', 'konflik', 'damai', 'c', 'Antonim harmonis adalah konflik/tidak harmonis', 5),
(714, 6, 'Bahasa Indonesia', 'Majas yang menggunakan penyangkalan disebut majas ...', 36, 'Hiperbola', 'Litotes', 'Ironi', 'Sinisme', 'b', 'Litotes adalah majas yang merendahkan diri', 5),
(715, 6, 'Bahasa Indonesia', 'Sinonim dari kata \"inovatif\" adalah ...', 36, 'lama', 'baru', 'usang', 'kuno', 'b', 'Sinonim inovatif adalah baru/kreatif', 5),
(716, 6, 'Bahasa Indonesia', 'Kata baku dari \"katagori\" adalah ...', 36, 'katagori', 'kategori', 'catgori', 'kategory', 'b', 'Kata baku adalah kategori', 5),
(717, 6, 'Bahasa Indonesia', 'Surat dinas harus menggunakan bahasa ...', 36, 'Santai', 'Baku', 'Gaul', 'Slang', 'b', 'Surat dinas menggunakan bahasa baku/formal', 5),
(718, 6, 'Bahasa Indonesia', 'Antonim dari kata \"heterogen\" adalah ...', 36, 'beragam', 'berbeda', 'homogen', 'banyak', 'c', 'Antonim heterogen adalah homogen/sejenis', 5),
(719, 6, 'Bahasa Indonesia', 'Peribahasa \"sepandai-pandai tupai melompat, akhirnya jatuh juga\" artinya ...', 36, 'Tupai pandai', 'Orang pandai pasti salah juga', 'Melompat tinggi', 'Jatuh dari pohon', 'b', 'Artinya sepandai apapun pasti ada kelemahannya', 5),
(720, 6, 'Bahasa Indonesia', 'Sinonim dari kata \"autentik\" adalah ...', 36, 'palsu', 'asli', 'tiruan', 'imitasi', 'b', 'Sinonim autentik adalah asli/tulen', 5);

-- --------------------------------------------------------

--
-- Table structure for table `user`
--

CREATE TABLE `user` (
  `id_user` int(11) NOT NULL,
  `username` varchar(12) NOT NULL,
  `password` text DEFAULT NULL,
  `nama` varchar(30) DEFAULT NULL,
  `kelas` int(11) DEFAULT NULL,
  `role` enum('admin','user') NOT NULL DEFAULT 'user'
) ENGINE=InnoDB DEFAULT CHARSET=utf8mb4 COLLATE=utf8mb4_general_ci;

--
-- Dumping data for table `user`
--

INSERT INTO `user` (`id_user`, `username`, `password`, `nama`, `kelas`, `role`) VALUES
(1, 'aam', '$2y$10$R7uEJV4MBvsGyR/HHIt.0uCpLxEsfZ3d7MXMnrmQlEHAmPIgackwq', 'haqqi', 5, 'user'),
(4, 'bima', '$2y$10$RrLMvEehsPAL2i0N/531.OkJ4fdYTU/3x7VZbUCuSRBeDP0CUsupu', 'bima sakti', 3, 'admin'),
(5, 'azka', '$2y$10$IBWH/JTIXWtmVIUiO/lucewN.zu4D931B2cqbMuv57BYCCwrtxIm2', 'azka', 1, 'user');

--
-- Indexes for dumped tables
--

--
-- Indexes for table `jawaban`
--
ALTER TABLE `jawaban`
  ADD PRIMARY KEY (`id_jawaban`),
  ADD KEY `jawaban_nilai` (`nilai_id`),
  ADD KEY `jawaban_soal` (`soal_id`);

--
-- Indexes for table `nilai`
--
ALTER TABLE `nilai`
  ADD PRIMARY KEY (`id_nilai`),
  ADD KEY `usernilai` (`user`),
  ADD KEY `nilaipaket` (`soal_paket`);

--
-- Indexes for table `paket_soal`
--
ALTER TABLE `paket_soal`
  ADD PRIMARY KEY (`id_paket`);

--
-- Indexes for table `soal`
--
ALTER TABLE `soal`
  ADD PRIMARY KEY (`id`),
  ADD KEY `soal_paket` (`paket_soal`);

--
-- Indexes for table `user`
--
ALTER TABLE `user`
  ADD PRIMARY KEY (`id_user`);

--
-- AUTO_INCREMENT for dumped tables
--

--
-- AUTO_INCREMENT for table `jawaban`
--
ALTER TABLE `jawaban`
  MODIFY `id_jawaban` int(11) NOT NULL AUTO_INCREMENT, AUTO_INCREMENT=63;

--
-- AUTO_INCREMENT for table `nilai`
--
ALTER TABLE `nilai`
  MODIFY `id_nilai` int(11) NOT NULL AUTO_INCREMENT, AUTO_INCREMENT=6;

--
-- AUTO_INCREMENT for table `paket_soal`
--
ALTER TABLE `paket_soal`
  MODIFY `id_paket` int(11) NOT NULL AUTO_INCREMENT, AUTO_INCREMENT=39;

--
-- AUTO_INCREMENT for table `soal`
--
ALTER TABLE `soal`
  MODIFY `id` int(11) NOT NULL AUTO_INCREMENT, AUTO_INCREMENT=724;

--
-- AUTO_INCREMENT for table `user`
--
ALTER TABLE `user`
  MODIFY `id_user` int(11) NOT NULL AUTO_INCREMENT, AUTO_INCREMENT=6;

--
-- Constraints for dumped tables
--

--
-- Constraints for table `jawaban`
--
ALTER TABLE `jawaban`
  ADD CONSTRAINT `jawaban_nilai` FOREIGN KEY (`nilai_id`) REFERENCES `nilai` (`id_nilai`),
  ADD CONSTRAINT `jawaban_soal` FOREIGN KEY (`soal_id`) REFERENCES `soal` (`id`);

--
-- Constraints for table `nilai`
--
ALTER TABLE `nilai`
  ADD CONSTRAINT `nilaipaket` FOREIGN KEY (`soal_paket`) REFERENCES `paket_soal` (`id_paket`),
  ADD CONSTRAINT `usernilai` FOREIGN KEY (`user`) REFERENCES `user` (`id_user`);
COMMIT;

/*!40101 SET CHARACTER_SET_CLIENT=@OLD_CHARACTER_SET_CLIENT */;
/*!40101 SET CHARACTER_SET_RESULTS=@OLD_CHARACTER_SET_RESULTS */;
/*!40101 SET COLLATION_CONNECTION=@OLD_COLLATION_CONNECTION */;
